county_month,indicator1_all_total_children,indicator1_all_boys,indicator1_all_girls,indicator1_host_community_total_children,indicator1_host_community_boys,indicator1_host_community_girls,indicator1_idps_total_children,indicator1_idps_boys,indicator1_idps_girls,indicator1_refugees_total_children,indicator1_refugees_boys,indicator1_refugees_girls,indicator1_cwd_total_children,indicator1_cwd_boys,indicator1_cwd_girls,indicator1_narrative,x1,indicator2_all_total_children,indicator2_all_boys,indicator2_all_girls,indicator2_host_community_total_children,indicator2_host_community_boys,indicator2_host_community_girls,indicator2_idps_total_children,indicator2_idps_boys,indicator2_idps_girls,indicator2_refugees_total_children,indicator2_refugees_boys,indicator2_refugees_girls,indicator2_cwd_total_children,indicator2_cwd_boys,indicator2_cwd_girls,indicator2_new_latrines,indicator2_rehabiltated_latrines,indicator2_new_classrooms,indicator2_rehabilitated_classrooms,indicator2_narrative,x2,indicator3_all_total_children,indicator3_all_boys,indicator3_all_girls,indicator3_host_community_total_children,indicator3_host_community_boys,indicator3_host_community_girls,indicator3_idps_total_children,indicator3_idps_boys,indicator3_idps_girls,indicator3_refugees_total_children,indicator3_refugees_boys,indicator3_refugees_girls,indicator3_cwd_total_children,indicator3_cwd_boys,indicator3_cwd_girls,indicator3_narrative,x3,indicator4_all_total_adults,indicator4_all_male,indicator4_all_female,indicator4_host_community_total_adults,indicator4_host_community_male,indicator4_host_community_female,indicator4_idps_total_adults,indicator4_idps_male,indicator4_idps_female,indicator4_refugees_total_adults,indicator4_refugees_male,indicator4_refugees_female,indicator4_narrative,x4,indicator5_all_total_adults,indicator5_all_male,indicator5_all_female,indicator5_host_community_total_adults,indicator5_host_community_male,indicator5_host_community_female,indicator5_idps_total_adults,indicator5_idps_male,indicator5_idps_female,indicator5_refugees_total_adults,indicator5_refugees_male,indicator5_refugees_female,indicator5_narrative,x5,indicator6_all_total_adults,indicator6_all_male,indicator6_all_female,indicator6_narrative,x6,indicator7_all_total_children,indicator7_all_boys,indicator7_all_girls,indicator7_host_community_total_children,indicator7_host_community_boys,indicator7_host_community_girls,indicator7_idps_total_children,indicator7_idps_boys,indicator7_idps_girls,indicator7_refugees_total_children,indicator7_refugees_boys,indicator7_refugees_girls,indicator7_cwd_total_children,indicator7_cwd_boys,indicator7_cwd_girls,indicator7_narrative
Baringo Total,1429,714,715,1429,714,715,0,0,0,0,0,0,0,0,0,NA,,0,0,0,0,0,0,0,0,0,0,0,0,0,0,0,0,0,0,0,NA,,0,0,0,0,0,0,0,0,0,0,0,0,0,0,0,NA,,324,172,152,324,172,152,0,0,0,0,0,0,NA,,1559,842,717,1559,842,717,0,0,0,0,0,0,NA,,5,3,2,NA,,0,0,0,0,0,0,0,0,0,0,0,0,0,0,0,NA
Baringo January,163,97,66,163,97,66,0,0,0,0,0,0,0,0,0,"NA",,0,0,0,0,0,0,0,0,0,0,0,0,0,0,0,0,0,0,0,"NA",,0,0,0,0,0,0,0,0,0,0,0,0,0,0,0,"NA",,0,0,0,0,0,0,0,0,0,0,0,0,"NA",,133,105,28,133,105,28,0,0,0,0,0,0,"To support Board of Management (BoMs) in implementing school-based strategy and sustainability plan towards enrolment and retention, QASO Officers in Baringo County were supported to conduct school assessment and there after provide recommendation before rolling out training for the BOM members. BOM members were then trained especially on their roles and responsibilities, and enrollment of OOSC.",,0,0,0,"NA",,0,0,0,0,0,0,0,0,0,0,0,0,0,0,0,"NA"
Baringo February,0,0,0,0,0,0,0,0,0,0,0,0,0,0,0,"NA",,0,0,0,0,0,0,0,0,0,0,0,0,0,0,0,0,0,0,0,"NA",,0,0,0,0,0,0,0,0,0,0,0,0,0,0,0,"NA",,0,0,0,0,0,0,0,0,0,0,0,0,"NA",,0,0,0,0,0,0,0,0,0,0,0,0,"NA",,0,0,0,"NA",,0,0,0,0,0,0,0,0,0,0,0,0,0,0,0,"NA"
Baringo March,317,136,181,317,136,181,0,0,0,0,0,0,0,0,0,"Three targeted and rigorous school and community based OOSC enrolment drives were conducted through child-to-child, door-to-door approaches, and public gatherings (barazas).",,0,0,0,0,0,0,0,0,0,0,0,0,0,0,0,0,0,0,0,"NA",,0,0,0,0,0,0,0,0,0,0,0,0,0,0,0,"NA",,20,11,9,20,11,9,0,0,0,0,0,0,Curriculum Support officers (CSOs) were facilitated to monitor teachers in the OOSC targeted schools to build on existing transition pathways for OOSC.,,1379,714,665,1379,714,665,0,0,0,0,0,0,"Schoolsâ€™ BOMs training was conducted in Samburu County with emphasis on the roles of BOMs. Additionally, the BOMs were supported to develop specific school improvement plans (SIPs).",,0,0,0,"NA",,0,0,0,0,0,0,0,0,0,0,0,0,0,0,0,"NA"
Baringo April,254,157,97,254,157,97,0,0,0,0,0,0,0,0,0,Enrolment drive campaigns at school level towards improved re-enrolment of OOSC,,0,0,0,0,0,0,0,0,0,0,0,0,0,0,0,0,0,0,0,"NA",,0,0,0,0,0,0,0,0,0,0,0,0,0,0,0,"NA",,304,161,143,304,161,143,0,0,0,0,0,0,"A PSEAH sessions on FGM children rights, child labour and early marriages were organised in 12 schools and facilitated by the CPVs.",,47,23,24,47,23,24,0,0,0,0,0,0,"A 3 day training to equip child protection state and non-state actors from local CSOs, Police Service, Probation, Ministry of Education and MoH with knowledge and skills on Case Management  and referral pathways in emergency was conducted.",,0,0,0,"NA",,0,0,0,0,0,0,0,0,0,0,0,0,0,0,0,"NA"
Baringo May,0,0,0,0,0,0,0,0,0,0,0,0,0,0,0,"NA",,0,0,0,0,0,0,0,0,0,0,0,0,0,0,0,0,0,0,0,"NA",,0,0,0,0,0,0,0,0,0,0,0,0,0,0,0,"NA",,0,0,0,0,0,0,0,0,0,0,0,0,"NA",,0,0,0,0,0,0,0,0,0,0,0,0,"NA",,0,0,0,"NA",,0,0,0,0,0,0,0,0,0,0,0,0,0,0,0,"NA"
Baringo June,83,36,47,83,36,47,0,0,0,0,0,0,0,0,0,"NA",,0,0,0,0,0,0,0,0,0,0,0,0,0,0,0,0,0,0,0,"NA",,0,0,0,0,0,0,0,0,0,0,0,0,0,0,0,"NA",,0,0,0,0,0,0,0,0,0,0,0,0,"NA",,0,0,0,0,0,0,0,0,0,0,0,0,"NA",,0,0,0,"NA",,0,0,0,0,0,0,0,0,0,0,0,0,0,0,0,"NA"
Baringo July,612,288,324,612,288,324,0,0,0,0,0,0,0,0,0,Enrolment drive campaigns at school level towards improved enrolment of OOSC,,0,0,0,0,0,0,0,0,0,0,0,0,0,0,0,0,0,0,0,"NA",,0,0,0,0,0,0,0,0,0,0,0,0,0,0,0,"NA",,0,0,0,0,0,0,0,0,0,0,0,0,"NA",,0,0,0,0,0,0,0,0,0,0,0,0,"NA",,5,3,2,"Edcation officials trained on mentorship, mental health and hygiene promotion.",,0,0,0,0,0,0,0,0,0,0,0,0,0,0,0,"NA"
Bungoma Total,0,0,0,0,0,0,0,0,0,0,0,0,0,0,0,NA,,0,0,0,0,0,0,0,0,0,0,0,0,0,0,0,0,0,0,0,NA,,0,0,0,0,0,0,0,0,0,0,0,0,0,0,0,NA,,0,0,0,0,0,0,0,0,0,0,0,0,NA,,0,0,0,0,0,0,0,0,0,0,0,0,NA,,0,0,0,NA,,0,0,0,0,0,0,0,0,0,0,0,0,0,0,0,NA
Bungoma January,0,0,0,0,0,0,0,0,0,0,0,0,0,0,0,"NA",,0,0,0,0,0,0,0,0,0,0,0,0,0,0,0,0,0,0,0,"NA",,0,0,0,0,0,0,0,0,0,0,0,0,0,0,0,"NA",,0,0,0,0,0,0,0,0,0,0,0,0,"NA",,0,0,0,0,0,0,0,0,0,0,0,0,"NA",,0,0,0,"NA",,0,0,0,0,0,0,0,0,0,0,0,0,0,0,0,"NA"
Bungoma February,0,0,0,0,0,0,0,0,0,0,0,0,0,0,0,"NA",,0,0,0,0,0,0,0,0,0,0,0,0,0,0,0,0,0,0,0,"NA",,0,0,0,0,0,0,0,0,0,0,0,0,0,0,0,"NA",,0,0,0,0,0,0,0,0,0,0,0,0,"NA",,0,0,0,0,0,0,0,0,0,0,0,0,"NA",,0,0,0,"NA",,0,0,0,0,0,0,0,0,0,0,0,0,0,0,0,"NA"
Bungoma March,0,0,0,0,0,0,0,0,0,0,0,0,0,0,0,"NA",,0,0,0,0,0,0,0,0,0,0,0,0,0,0,0,0,0,0,0,"NA",,0,0,0,0,0,0,0,0,0,0,0,0,0,0,0,"NA",,0,0,0,0,0,0,0,0,0,0,0,0,"NA",,0,0,0,0,0,0,0,0,0,0,0,0,"NA",,0,0,0,"NA",,0,0,0,0,0,0,0,0,0,0,0,0,0,0,0,"NA"
Bungoma April,0,0,0,0,0,0,0,0,0,0,0,0,0,0,0,"NA",,0,0,0,0,0,0,0,0,0,0,0,0,0,0,0,0,0,0,0,"NA",,0,0,0,0,0,0,0,0,0,0,0,0,0,0,0,"NA",,0,0,0,0,0,0,0,0,0,0,0,0,"NA",,0,0,0,0,0,0,0,0,0,0,0,0,"NA",,0,0,0,"NA",,0,0,0,0,0,0,0,0,0,0,0,0,0,0,0,"NA"
Bungoma May,0,0,0,0,0,0,0,0,0,0,0,0,0,0,0,"NA",,0,0,0,0,0,0,0,0,0,0,0,0,0,0,0,0,0,0,0,"NA",,0,0,0,0,0,0,0,0,0,0,0,0,0,0,0,"NA",,0,0,0,0,0,0,0,0,0,0,0,0,"NA",,0,0,0,0,0,0,0,0,0,0,0,0,"NA",,0,0,0,"NA",,0,0,0,0,0,0,0,0,0,0,0,0,0,0,0,"NA"
Bungoma June,0,0,0,0,0,0,0,0,0,0,0,0,0,0,0,"NA",,0,0,0,0,0,0,0,0,0,0,0,0,0,0,0,0,0,0,0,"NA",,0,0,0,0,0,0,0,0,0,0,0,0,0,0,0,"NA",,0,0,0,0,0,0,0,0,0,0,0,0,"NA",,0,0,0,0,0,0,0,0,0,0,0,0,"NA",,0,0,0,"NA",,0,0,0,0,0,0,0,0,0,0,0,0,0,0,0,"NA"
Bungoma July,0,0,0,0,0,0,0,0,0,0,0,0,0,0,0,"NA",,0,0,0,0,0,0,0,0,0,0,0,0,0,0,0,0,0,0,0,"NA",,0,0,0,0,0,0,0,0,0,0,0,0,0,0,0,"NA",,0,0,0,0,0,0,0,0,0,0,0,0,"NA",,0,0,0,0,0,0,0,0,0,0,0,0,"NA",,0,0,0,"NA",,0,0,0,0,0,0,0,0,0,0,0,0,0,0,0,"NA"
Embu Total,0,0,0,0,0,0,0,0,0,0,0,0,0,0,0,NA,,0,0,0,0,0,0,0,0,0,0,0,0,0,0,0,0,0,0,0,NA,,0,0,0,0,0,0,0,0,0,0,0,0,0,0,0,NA,,0,0,0,0,0,0,0,0,0,0,0,0,NA,,0,0,0,0,0,0,0,0,0,0,0,0,NA,,0,0,0,NA,,0,0,0,0,0,0,0,0,0,0,0,0,0,0,0,NA
Embu January,0,0,0,0,0,0,0,0,0,0,0,0,0,0,0,"NA",,0,0,0,0,0,0,0,0,0,0,0,0,0,0,0,0,0,0,0,"NA",,0,0,0,0,0,0,0,0,0,0,0,0,0,0,0,"NA",,0,0,0,0,0,0,0,0,0,0,0,0,"NA",,0,0,0,0,0,0,0,0,0,0,0,0,"NA",,0,0,0,"NA",,0,0,0,0,0,0,0,0,0,0,0,0,0,0,0,"NA"
Embu February,0,0,0,0,0,0,0,0,0,0,0,0,0,0,0,"NA",,0,0,0,0,0,0,0,0,0,0,0,0,0,0,0,0,0,0,0,"NA",,0,0,0,0,0,0,0,0,0,0,0,0,0,0,0,"NA",,0,0,0,0,0,0,0,0,0,0,0,0,"NA",,0,0,0,0,0,0,0,0,0,0,0,0,"NA",,0,0,0,"NA",,0,0,0,0,0,0,0,0,0,0,0,0,0,0,0,"NA"
Embu March,0,0,0,0,0,0,0,0,0,0,0,0,0,0,0,"NA",,0,0,0,0,0,0,0,0,0,0,0,0,0,0,0,0,0,0,0,"NA",,0,0,0,0,0,0,0,0,0,0,0,0,0,0,0,"NA",,0,0,0,0,0,0,0,0,0,0,0,0,"NA",,0,0,0,0,0,0,0,0,0,0,0,0,"NA",,0,0,0,"NA",,0,0,0,0,0,0,0,0,0,0,0,0,0,0,0,"NA"
Embu April,0,0,0,0,0,0,0,0,0,0,0,0,0,0,0,"NA",,0,0,0,0,0,0,0,0,0,0,0,0,0,0,0,0,0,0,0,"NA",,0,0,0,0,0,0,0,0,0,0,0,0,0,0,0,"NA",,0,0,0,0,0,0,0,0,0,0,0,0,"NA",,0,0,0,0,0,0,0,0,0,0,0,0,"NA",,0,0,0,"NA",,0,0,0,0,0,0,0,0,0,0,0,0,0,0,0,"NA"
Embu May,0,0,0,0,0,0,0,0,0,0,0,0,0,0,0,"NA",,0,0,0,0,0,0,0,0,0,0,0,0,0,0,0,0,0,0,0,"NA",,0,0,0,0,0,0,0,0,0,0,0,0,0,0,0,"NA",,0,0,0,0,0,0,0,0,0,0,0,0,"NA",,0,0,0,0,0,0,0,0,0,0,0,0,"NA",,0,0,0,"NA",,0,0,0,0,0,0,0,0,0,0,0,0,0,0,0,"NA"
Embu June,0,0,0,0,0,0,0,0,0,0,0,0,0,0,0,"NA",,0,0,0,0,0,0,0,0,0,0,0,0,0,0,0,0,0,0,0,"NA",,0,0,0,0,0,0,0,0,0,0,0,0,0,0,0,"NA",,0,0,0,0,0,0,0,0,0,0,0,0,"NA",,0,0,0,0,0,0,0,0,0,0,0,0,"NA",,0,0,0,"NA",,0,0,0,0,0,0,0,0,0,0,0,0,0,0,0,"NA"
Embu July,0,0,0,0,0,0,0,0,0,0,0,0,0,0,0,"NA",,0,0,0,0,0,0,0,0,0,0,0,0,0,0,0,0,0,0,0,"NA",,0,0,0,0,0,0,0,0,0,0,0,0,0,0,0,"NA",,0,0,0,0,0,0,0,0,0,0,0,0,"NA",,0,0,0,0,0,0,0,0,0,0,0,0,"NA",,0,0,0,"NA",,0,0,0,0,0,0,0,0,0,0,0,0,0,0,0,"NA"
Garissa Total,2783,1377,1406,2783,1377,1406,0,0,0,0,0,0,0,0,0,NA,,0,0,0,0,0,0,0,0,0,0,0,0,0,0,0,0,0,0,0,NA,,0,0,0,0,0,0,0,0,0,0,0,0,0,0,0,NA,,0,0,0,0,0,0,0,0,0,0,0,0,NA,,244,150,94,244,150,94,0,0,0,0,0,0,NA,,0,0,0,NA,,0,0,0,0,0,0,0,0,0,0,0,0,0,0,0,NA
Garissa January,0,0,0,0,0,0,0,0,0,0,0,0,0,0,0,"NA",,0,0,0,0,0,0,0,0,0,0,0,0,0,0,0,0,0,0,0,"NA",,0,0,0,0,0,0,0,0,0,0,0,0,0,0,0,"NA",,0,0,0,0,0,0,0,0,0,0,0,0,"NA",,188,106,82,188,106,82,0,0,0,0,0,0,Enrollment drive committee members sanitized on mobilization and retention of OOSC in Garissa sub-county,,0,0,0,"NA",,0,0,0,0,0,0,0,0,0,0,0,0,0,0,0,"NA"
Garissa February,1242,575,667,1242,575,667,0,0,0,0,0,0,0,0,0,"NA",,0,0,0,0,0,0,0,0,0,0,0,0,0,0,0,0,0,0,0,"NA",,0,0,0,0,0,0,0,0,0,0,0,0,0,0,0,"NA",,0,0,0,0,0,0,0,0,0,0,0,0,"NA",,0,0,0,0,0,0,0,0,0,0,0,0,"NA",,0,0,0,"NA",,0,0,0,0,0,0,0,0,0,0,0,0,0,0,0,"NA"
Garissa March,0,0,0,0,0,0,0,0,0,0,0,0,0,0,0,"NA",,0,0,0,0,0,0,0,0,0,0,0,0,0,0,0,0,0,0,0,"NA",,0,0,0,0,0,0,0,0,0,0,0,0,0,0,0,"NA",,0,0,0,0,0,0,0,0,0,0,0,0,"NA",,0,0,0,0,0,0,0,0,0,0,0,0,"NA",,0,0,0,"NA",,0,0,0,0,0,0,0,0,0,0,0,0,0,0,0,"NA"
Garissa April,0,0,0,0,0,0,0,0,0,0,0,0,0,0,0,"NA",,0,0,0,0,0,0,0,0,0,0,0,0,0,0,0,0,0,0,0,"NA",,0,0,0,0,0,0,0,0,0,0,0,0,0,0,0,"NA",,0,0,0,0,0,0,0,0,0,0,0,0,"NA",,0,0,0,0,0,0,0,0,0,0,0,0,"NA",,0,0,0,"NA",,0,0,0,0,0,0,0,0,0,0,0,0,0,0,0,"NA"
Garissa May,0,0,0,0,0,0,0,0,0,0,0,0,0,0,0,"NA",,0,0,0,0,0,0,0,0,0,0,0,0,0,0,0,0,0,0,0,"NA",,0,0,0,0,0,0,0,0,0,0,0,0,0,0,0,"NA",,0,0,0,0,0,0,0,0,0,0,0,0,"NA",,0,0,0,0,0,0,0,0,0,0,0,0,"NA",,0,0,0,"NA",,0,0,0,0,0,0,0,0,0,0,0,0,0,0,0,"NA"
Garissa June,1541,802,739,1541,802,739,0,0,0,0,0,0,0,0,0,"Qatar charity with support from UNICEF  mobilized and enrolled 1,514 (802 boys, 739 girls) OOSC including 55 children with disabilitie",,0,0,0,0,0,0,0,0,0,0,0,0,0,0,0,0,0,0,0,"NA",,0,0,0,0,0,0,0,0,0,0,0,0,0,0,0,"NA",,0,0,0,0,0,0,0,0,0,0,0,0,"NA",,56,44,12,56,44,12,0,0,0,0,0,0,A two-day capacity building of head teachers and Board of Management (BoM) were trained to develop school-based strategic and sustainability plans reaching 56 (44 male and 12 female).,,0,0,0,"NA",,0,0,0,0,0,0,0,0,0,0,0,0,0,0,0,"NA"
Garissa July,0,0,0,0,0,0,0,0,0,0,0,0,0,0,0,"NA",,0,0,0,0,0,0,0,0,0,0,0,0,0,0,0,0,0,0,0,"NA",,0,0,0,0,0,0,0,0,0,0,0,0,0,0,0,"NA",,0,0,0,0,0,0,0,0,0,0,0,0,"NA",,0,0,0,0,0,0,0,0,0,0,0,0,"NA",,0,0,0,"NA",,0,0,0,0,0,0,0,0,0,0,0,0,0,0,0,"NA"
Homa Bay Total,0,0,0,0,0,0,0,0,0,0,0,0,0,0,0,NA,,0,0,0,0,0,0,0,0,0,0,0,0,0,0,0,0,0,0,0,NA,,0,0,0,0,0,0,0,0,0,0,0,0,0,0,0,NA,,0,0,0,0,0,0,0,0,0,0,0,0,NA,,0,0,0,0,0,0,0,0,0,0,0,0,NA,,0,0,0,NA,,0,0,0,0,0,0,0,0,0,0,0,0,0,0,0,NA
Homa Bay January,0,0,0,0,0,0,0,0,0,0,0,0,0,0,0,"NA",,0,0,0,0,0,0,0,0,0,0,0,0,0,0,0,0,0,0,0,"NA",,0,0,0,0,0,0,0,0,0,0,0,0,0,0,0,"NA",,0,0,0,0,0,0,0,0,0,0,0,0,"NA",,0,0,0,0,0,0,0,0,0,0,0,0,"NA",,0,0,0,"NA",,0,0,0,0,0,0,0,0,0,0,0,0,0,0,0,"NA"
Homa Bay February,0,0,0,0,0,0,0,0,0,0,0,0,0,0,0,"NA",,0,0,0,0,0,0,0,0,0,0,0,0,0,0,0,0,0,0,0,"NA",,0,0,0,0,0,0,0,0,0,0,0,0,0,0,0,"NA",,0,0,0,0,0,0,0,0,0,0,0,0,"NA",,0,0,0,0,0,0,0,0,0,0,0,0,"NA",,0,0,0,"NA",,0,0,0,0,0,0,0,0,0,0,0,0,0,0,0,"NA"
Homa Bay March,0,0,0,0,0,0,0,0,0,0,0,0,0,0,0,"NA",,0,0,0,0,0,0,0,0,0,0,0,0,0,0,0,0,0,0,0,"NA",,0,0,0,0,0,0,0,0,0,0,0,0,0,0,0,"NA",,0,0,0,0,0,0,0,0,0,0,0,0,"NA",,0,0,0,0,0,0,0,0,0,0,0,0,"NA",,0,0,0,"NA",,0,0,0,0,0,0,0,0,0,0,0,0,0,0,0,"NA"
Homa Bay April,0,0,0,0,0,0,0,0,0,0,0,0,0,0,0,"NA",,0,0,0,0,0,0,0,0,0,0,0,0,0,0,0,0,0,0,0,"NA",,0,0,0,0,0,0,0,0,0,0,0,0,0,0,0,"NA",,0,0,0,0,0,0,0,0,0,0,0,0,"NA",,0,0,0,0,0,0,0,0,0,0,0,0,"NA",,0,0,0,"NA",,0,0,0,0,0,0,0,0,0,0,0,0,0,0,0,"NA"
Homa Bay May,0,0,0,0,0,0,0,0,0,0,0,0,0,0,0,"NA",,0,0,0,0,0,0,0,0,0,0,0,0,0,0,0,0,0,0,0,"NA",,0,0,0,0,0,0,0,0,0,0,0,0,0,0,0,"NA",,0,0,0,0,0,0,0,0,0,0,0,0,"NA",,0,0,0,0,0,0,0,0,0,0,0,0,"NA",,0,0,0,"NA",,0,0,0,0,0,0,0,0,0,0,0,0,0,0,0,"NA"
Homa Bay June,0,0,0,0,0,0,0,0,0,0,0,0,0,0,0,"NA",,0,0,0,0,0,0,0,0,0,0,0,0,0,0,0,0,0,0,0,"NA",,0,0,0,0,0,0,0,0,0,0,0,0,0,0,0,"NA",,0,0,0,0,0,0,0,0,0,0,0,0,"NA",,0,0,0,0,0,0,0,0,0,0,0,0,"NA",,0,0,0,"NA",,0,0,0,0,0,0,0,0,0,0,0,0,0,0,0,"NA"
Homa Bay July,0,0,0,0,0,0,0,0,0,0,0,0,0,0,0,"NA",,0,0,0,0,0,0,0,0,0,0,0,0,0,0,0,0,0,0,0,"NA",,0,0,0,0,0,0,0,0,0,0,0,0,0,0,0,"NA",,0,0,0,0,0,0,0,0,0,0,0,0,"NA",,0,0,0,0,0,0,0,0,0,0,0,0,"NA",,0,0,0,"NA",,0,0,0,0,0,0,0,0,0,0,0,0,0,0,0,"NA"
Isiolo Total,3082,1582,1500,3082,1582,1500,0,0,0,0,0,0,0,0,0,NA,,0,0,0,0,0,0,0,0,0,0,0,0,0,0,0,0,0,0,0,NA,,0,0,0,0,0,0,0,0,0,0,0,0,0,0,0,NA,,71,28,43,71,28,43,0,0,0,0,0,0,NA,,175,94,81,175,94,81,0,0,0,0,0,0,NA,,0,0,0,NA,,682,313,369,682,313,369,0,0,0,0,0,0,0,0,0,NA
Isiolo January,1530,784,746,1530,784,746,0,0,0,0,0,0,0,0,0,"NA",,0,0,0,0,0,0,0,0,0,0,0,0,0,0,0,0,0,0,0,"NA",,0,0,0,0,0,0,0,0,0,0,0,0,0,0,0,"NA",,0,0,0,0,0,0,0,0,0,0,0,0,"NA",,175,94,81,175,94,81,0,0,0,0,0,0,"NA",,0,0,0,"NA",,682,313,369,682,313,369,0,0,0,0,0,0,0,0,0,"3 sessions conducted for conversation on ender, GBV,PSEA and Lifeskills"
Isiolo February,158,101,57,158,101,57,0,0,0,0,0,0,0,0,0,"NA",,0,0,0,0,0,0,0,0,0,0,0,0,0,0,0,0,0,0,0,"NA",,0,0,0,0,0,0,0,0,0,0,0,0,0,0,0,"NA",,0,0,0,0,0,0,0,0,0,0,0,0,"NA",,0,0,0,0,0,0,0,0,0,0,0,0,"NA",,0,0,0,"NA",,0,0,0,0,0,0,0,0,0,0,0,0,0,0,0,"NA"
Isiolo March,0,0,0,0,0,0,0,0,0,0,0,0,0,0,0,"NA",,0,0,0,0,0,0,0,0,0,0,0,0,0,0,0,0,0,0,0,"NA",,0,0,0,0,0,0,0,0,0,0,0,0,0,0,0,"NA",,0,0,0,0,0,0,0,0,0,0,0,0,"NA",,0,0,0,0,0,0,0,0,0,0,0,0,"NA",,0,0,0,"NA",,0,0,0,0,0,0,0,0,0,0,0,0,0,0,0,"NA"
Isiolo April,0,0,0,0,0,0,0,0,0,0,0,0,0,0,0,"NA",,0,0,0,0,0,0,0,0,0,0,0,0,0,0,0,0,0,0,0,"NA",,0,0,0,0,0,0,0,0,0,0,0,0,0,0,0,"NA",,0,0,0,0,0,0,0,0,0,0,0,0,"NA",,0,0,0,0,0,0,0,0,0,0,0,0,"NA",,0,0,0,"NA",,0,0,0,0,0,0,0,0,0,0,0,0,0,0,0,"NA"
Isiolo May,833,414,419,833,414,419,0,0,0,0,0,0,0,0,0,Lifeskills Promoters (LISP) with support from UNICEF continued to mobilize children back to school in Isiolo County in collaboration with the County Education office,,0,0,0,0,0,0,0,0,0,0,0,0,0,0,0,0,0,0,0,"NA",,0,0,0,0,0,0,0,0,0,0,0,0,0,0,0,"NA",,71,28,43,71,28,43,0,0,0,0,0,0,Training of teachers provision of remidial/catch up classess and on retention and tracking of OOSC enrolled back to school (DAA),,0,0,0,0,0,0,0,0,0,0,0,0,"NA",,0,0,0,"NA",,0,0,0,0,0,0,0,0,0,0,0,0,0,0,0,"NA"
Isiolo June,561,283,278,561,283,278,0,0,0,0,0,0,0,0,0,"UNICEF provided financial and techncial support Life skills Promoters (LISP) to conduct enrolment drives camoings in Isiolo County reaching 561 (283 boys, 278 girls) OOSC",,0,0,0,0,0,0,0,0,0,0,0,0,0,0,0,0,0,0,0,"NA",,0,0,0,0,0,0,0,0,0,0,0,0,0,0,0,"NA",,0,0,0,0,0,0,0,0,0,0,0,0,"NA",,0,0,0,0,0,0,0,0,0,0,0,0,"NA",,0,0,0,"NA",,0,0,0,0,0,0,0,0,0,0,0,0,0,0,0,"NA"
Isiolo July,0,0,0,0,0,0,0,0,0,0,0,0,0,0,0,"NA",,0,0,0,0,0,0,0,0,0,0,0,0,0,0,0,0,0,0,0,"NA",,0,0,0,0,0,0,0,0,0,0,0,0,0,0,0,"NA",,0,0,0,0,0,0,0,0,0,0,0,0,"NA",,0,0,0,0,0,0,0,0,0,0,0,0,"NA",,0,0,0,"NA",,0,0,0,0,0,0,0,0,0,0,0,0,0,0,0,"NA"
Kajiado Total,6567,3028,3539,6567,3028,3539,0,0,0,0,0,0,0,0,0,NA,,0,0,0,0,0,0,0,0,0,0,0,0,0,0,0,0,0,0,0,NA,,0,0,0,0,0,0,0,0,0,0,0,0,0,0,0,NA,,794,426,368,794,426,368,0,0,0,0,0,0,NA,,83,27,56,83,27,56,0,0,0,0,0,0,NA,,0,0,0,NA,,5385,2022,3363,5385,2022,3363,0,0,0,0,0,0,0,0,0,NA
Kajiado January,0,0,0,0,0,0,0,0,0,0,0,0,0,0,0,"NA",,0,0,0,0,0,0,0,0,0,0,0,0,0,0,0,0,0,0,0,"NA",,0,0,0,0,0,0,0,0,0,0,0,0,0,0,0,"NA",,0,0,0,0,0,0,0,0,0,0,0,0,"NA",,0,0,0,0,0,0,0,0,0,0,0,0,"NA",,0,0,0,"NA",,0,0,0,0,0,0,0,0,0,0,0,0,0,0,0,"NA"
Kajiado February,0,0,0,0,0,0,0,0,0,0,0,0,0,0,0,"NA",,0,0,0,0,0,0,0,0,0,0,0,0,0,0,0,0,0,0,0,"NA",,0,0,0,0,0,0,0,0,0,0,0,0,0,0,0,"NA",,0,0,0,0,0,0,0,0,0,0,0,0,"NA",,0,0,0,0,0,0,0,0,0,0,0,0,"NA",,0,0,0,"NA",,0,0,0,0,0,0,0,0,0,0,0,0,0,0,0,"NA"
Kajiado March,1094,560,534,1094,560,534,0,0,0,0,0,0,0,0,0,"NA",,0,0,0,0,0,0,0,0,0,0,0,0,0,0,0,0,0,0,0,"NA",,0,0,0,0,0,0,0,0,0,0,0,0,0,0,0,"NA",,0,0,0,0,0,0,0,0,0,0,0,0,"NA",,83,27,56,83,27,56,0,0,0,0,0,0,"NA",,0,0,0,"NA",,2097,1112,985,2097,1112,985,0,0,0,0,0,0,0,0,0,"NA"
Kajiado April,0,0,0,0,0,0,0,0,0,0,0,0,0,0,0,"NA",,0,0,0,0,0,0,0,0,0,0,0,0,0,0,0,0,0,0,0,"NA",,0,0,0,0,0,0,0,0,0,0,0,0,0,0,0,"NA",,0,0,0,0,0,0,0,0,0,0,0,0,"NA",,0,0,0,0,0,0,0,0,0,0,0,0,"NA",,0,0,0,"NA",,0,0,0,0,0,0,0,0,0,0,0,0,0,0,0,"NA"
Kajiado May,1926,987,939,1926,987,939,0,0,0,0,0,0,0,0,0,"NA",,0,0,0,0,0,0,0,0,0,0,0,0,0,0,0,0,0,0,0,"NA",,0,0,0,0,0,0,0,0,0,0,0,0,0,0,0,"NA",,0,0,0,0,0,0,0,0,0,0,0,0,"NA",,0,0,0,0,0,0,0,0,0,0,0,0,"NA",,0,0,0,"NA",,3288,910,2378,3288,910,2378,0,0,0,0,0,0,0,0,0,"NA"
Kajiado June,2366,1254,1112,2366,1254,1112,0,0,0,0,0,0,0,0,0,"NA",,0,0,0,0,0,0,0,0,0,0,0,0,0,0,0,0,0,0,0,"NA",,0,0,0,0,0,0,0,0,0,0,0,0,0,0,0,"NA",,0,0,0,0,0,0,0,0,0,0,0,0,"NA",,0,0,0,0,0,0,0,0,0,0,0,0,"NA",,0,0,0,"NA",,0,0,0,0,0,0,0,0,0,0,0,0,0,0,0,"NA"
Kajiado July,1181,227,954,1181,227,954,0,0,0,0,0,0,0,0,0,"NA",,0,0,0,0,0,0,0,0,0,0,0,0,0,0,0,0,0,0,0,"NA",,0,0,0,0,0,0,0,0,0,0,0,0,0,0,0,"NA",,794,426,368,794,426,368,0,0,0,0,0,0,"NA",,0,0,0,0,0,0,0,0,0,0,0,0,"NA",,0,0,0,"NA",,0,0,0,0,0,0,0,0,0,0,0,0,0,0,0,"NA"
Kilifi Total,5969,3002,2967,5969,3002,2967,0,0,0,0,0,0,0,0,0,NA,,0,0,0,0,0,0,0,0,0,0,0,0,0,0,0,0,0,0,0,NA,,0,0,0,0,0,0,0,0,0,0,0,0,0,0,0,NA,,40,21,19,40,21,19,0,0,0,0,0,0,NA,,64,32,32,64,32,32,0,0,0,0,0,0,NA,,0,0,0,NA,,1176,304,872,1176,304,872,0,0,0,0,0,0,0,0,0,NA
Kilifi January,0,0,0,0,0,0,0,0,0,0,0,0,0,0,0,"NA",,0,0,0,0,0,0,0,0,0,0,0,0,0,0,0,0,0,0,0,"NA",,0,0,0,0,0,0,0,0,0,0,0,0,0,0,0,"NA",,0,0,0,0,0,0,0,0,0,0,0,0,"NA",,0,0,0,0,0,0,0,0,0,0,0,0,"NA",,0,0,0,"NA",,0,0,0,0,0,0,0,0,0,0,0,0,0,0,0,"NA"
Kilifi February,0,0,0,0,0,0,0,0,0,0,0,0,0,0,0,"NA",,0,0,0,0,0,0,0,0,0,0,0,0,0,0,0,0,0,0,0,"NA",,0,0,0,0,0,0,0,0,0,0,0,0,0,0,0,"NA",,0,0,0,0,0,0,0,0,0,0,0,0,"NA",,0,0,0,0,0,0,0,0,0,0,0,0,"NA",,0,0,0,"NA",,0,0,0,0,0,0,0,0,0,0,0,0,0,0,0,"NA"
Kilifi March,757,400,357,757,400,357,0,0,0,0,0,0,0,0,0,"NA",,0,0,0,0,0,0,0,0,0,0,0,0,0,0,0,0,0,0,0,"NA",,0,0,0,0,0,0,0,0,0,0,0,0,0,0,0,"NA",,0,0,0,0,0,0,0,0,0,0,0,0,"NA",,64,32,32,64,32,32,0,0,0,0,0,0,"NA",,0,0,0,"NA",,788,160,628,788,160,628,0,0,0,0,0,0,0,0,0,"NA"
Kilifi April,0,0,0,0,0,0,0,0,0,0,0,0,0,0,0,"NA",,0,0,0,0,0,0,0,0,0,0,0,0,0,0,0,0,0,0,0,"NA",,0,0,0,0,0,0,0,0,0,0,0,0,0,0,0,"NA",,0,0,0,0,0,0,0,0,0,0,0,0,"NA",,0,0,0,0,0,0,0,0,0,0,0,0,"NA",,0,0,0,"NA",,0,0,0,0,0,0,0,0,0,0,0,0,0,0,0,"NA"
Kilifi May,89,52,37,89,52,37,0,0,0,0,0,0,0,0,0,one enrolment drive,,0,0,0,0,0,0,0,0,0,0,0,0,0,0,0,0,0,0,0,"NA",,0,0,0,0,0,0,0,0,0,0,0,0,0,0,0,"NA",,0,0,0,0,0,0,0,0,0,0,0,0,"NA",,0,0,0,0,0,0,0,0,0,0,0,0,"NA",,0,0,0,"NA",,89,52,37,89,52,37,0,0,0,0,0,0,0,0,0,"NA"
Kilifi June,4557,2324,2233,4557,2324,2233,0,0,0,0,0,0,0,0,0,"NA",,0,0,0,0,0,0,0,0,0,0,0,0,0,0,0,0,0,0,0,"NA",,0,0,0,0,0,0,0,0,0,0,0,0,0,0,0,"NA",,0,0,0,0,0,0,0,0,0,0,0,0,"NA",,0,0,0,0,0,0,0,0,0,0,0,0,"NA",,0,0,0,"NA",,299,92,207,299,92,207,0,0,0,0,0,0,0,0,0,"NA"
Kilifi July,566,226,340,566,226,340,0,0,0,0,0,0,0,0,0,"NA",,0,0,0,0,0,0,0,0,0,0,0,0,0,0,0,0,0,0,0,"NA",,0,0,0,0,0,0,0,0,0,0,0,0,0,0,0,"NA",,40,21,19,40,21,19,0,0,0,0,0,0,Mentorship and Lifeskills,,0,0,0,0,0,0,0,0,0,0,0,0,"NA",,0,0,0,"NA",,0,0,0,0,0,0,0,0,0,0,0,0,0,0,0,"NA"
Kisumu Total,0,0,0,0,0,0,0,0,0,0,0,0,0,0,0,NA,,0,0,0,0,0,0,0,0,0,0,0,0,0,0,0,0,0,0,0,NA,,0,0,0,0,0,0,0,0,0,0,0,0,0,0,0,NA,,0,0,0,0,0,0,0,0,0,0,0,0,NA,,0,0,0,0,0,0,0,0,0,0,0,0,NA,,0,0,0,NA,,0,0,0,0,0,0,0,0,0,0,0,0,0,0,0,NA
Kisumu January,0,0,0,0,0,0,0,0,0,0,0,0,0,0,0,"NA",,0,0,0,0,0,0,0,0,0,0,0,0,0,0,0,0,0,0,0,"NA",,0,0,0,0,0,0,0,0,0,0,0,0,0,0,0,"NA",,0,0,0,0,0,0,0,0,0,0,0,0,"NA",,0,0,0,0,0,0,0,0,0,0,0,0,"NA",,0,0,0,"NA",,0,0,0,0,0,0,0,0,0,0,0,0,0,0,0,"NA"
Kisumu February,0,0,0,0,0,0,0,0,0,0,0,0,0,0,0,"NA",,0,0,0,0,0,0,0,0,0,0,0,0,0,0,0,0,0,0,0,"NA",,0,0,0,0,0,0,0,0,0,0,0,0,0,0,0,"NA",,0,0,0,0,0,0,0,0,0,0,0,0,"NA",,0,0,0,0,0,0,0,0,0,0,0,0,"NA",,0,0,0,"NA",,0,0,0,0,0,0,0,0,0,0,0,0,0,0,0,"NA"
Kisumu March,0,0,0,0,0,0,0,0,0,0,0,0,0,0,0,"NA",,0,0,0,0,0,0,0,0,0,0,0,0,0,0,0,0,0,0,0,"NA",,0,0,0,0,0,0,0,0,0,0,0,0,0,0,0,"NA",,0,0,0,0,0,0,0,0,0,0,0,0,"NA",,0,0,0,0,0,0,0,0,0,0,0,0,"NA",,0,0,0,"NA",,0,0,0,0,0,0,0,0,0,0,0,0,0,0,0,"NA"
Kisumu April,0,0,0,0,0,0,0,0,0,0,0,0,0,0,0,"NA",,0,0,0,0,0,0,0,0,0,0,0,0,0,0,0,0,0,0,0,"NA",,0,0,0,0,0,0,0,0,0,0,0,0,0,0,0,"NA",,0,0,0,0,0,0,0,0,0,0,0,0,"NA",,0,0,0,0,0,0,0,0,0,0,0,0,"NA",,0,0,0,"NA",,0,0,0,0,0,0,0,0,0,0,0,0,0,0,0,"NA"
Kisumu May,0,0,0,0,0,0,0,0,0,0,0,0,0,0,0,"NA",,0,0,0,0,0,0,0,0,0,0,0,0,0,0,0,0,0,0,0,"NA",,0,0,0,0,0,0,0,0,0,0,0,0,0,0,0,"NA",,0,0,0,0,0,0,0,0,0,0,0,0,"NA",,0,0,0,0,0,0,0,0,0,0,0,0,"NA",,0,0,0,"NA",,0,0,0,0,0,0,0,0,0,0,0,0,0,0,0,"NA"
Kisumu June,0,0,0,0,0,0,0,0,0,0,0,0,0,0,0,"NA",,0,0,0,0,0,0,0,0,0,0,0,0,0,0,0,0,0,0,0,"NA",,0,0,0,0,0,0,0,0,0,0,0,0,0,0,0,"NA",,0,0,0,0,0,0,0,0,0,0,0,0,"NA",,0,0,0,0,0,0,0,0,0,0,0,0,"NA",,0,0,0,"NA",,0,0,0,0,0,0,0,0,0,0,0,0,0,0,0,"NA"
Kisumu July,0,0,0,0,0,0,0,0,0,0,0,0,0,0,0,"NA",,0,0,0,0,0,0,0,0,0,0,0,0,0,0,0,0,0,0,0,"NA",,0,0,0,0,0,0,0,0,0,0,0,0,0,0,0,"NA",,0,0,0,0,0,0,0,0,0,0,0,0,"NA",,0,0,0,0,0,0,0,0,0,0,0,0,"NA",,0,0,0,"NA",,0,0,0,0,0,0,0,0,0,0,0,0,0,0,0,"NA"
Kitui Total,0,0,0,0,0,0,0,0,0,0,0,0,0,0,0,NA,,0,0,0,0,0,0,0,0,0,0,0,0,0,0,0,0,0,0,0,NA,,0,0,0,0,0,0,0,0,0,0,0,0,0,0,0,NA,,0,0,0,0,0,0,0,0,0,0,0,0,NA,,0,0,0,0,0,0,0,0,0,0,0,0,NA,,0,0,0,NA,,0,0,0,0,0,0,0,0,0,0,0,0,0,0,0,NA
Kitui January,0,0,0,0,0,0,0,0,0,0,0,0,0,0,0,"NA",,0,0,0,0,0,0,0,0,0,0,0,0,0,0,0,0,0,0,0,"NA",,0,0,0,0,0,0,0,0,0,0,0,0,0,0,0,"NA",,0,0,0,0,0,0,0,0,0,0,0,0,"NA",,0,0,0,0,0,0,0,0,0,0,0,0,"NA",,0,0,0,"NA",,0,0,0,0,0,0,0,0,0,0,0,0,0,0,0,"NA"
Kitui February,0,0,0,0,0,0,0,0,0,0,0,0,0,0,0,"NA",,0,0,0,0,0,0,0,0,0,0,0,0,0,0,0,0,0,0,0,"NA",,0,0,0,0,0,0,0,0,0,0,0,0,0,0,0,"NA",,0,0,0,0,0,0,0,0,0,0,0,0,"NA",,0,0,0,0,0,0,0,0,0,0,0,0,"NA",,0,0,0,"NA",,0,0,0,0,0,0,0,0,0,0,0,0,0,0,0,"NA"
Kitui March,0,0,0,0,0,0,0,0,0,0,0,0,0,0,0,"NA",,0,0,0,0,0,0,0,0,0,0,0,0,0,0,0,0,0,0,0,"NA",,0,0,0,0,0,0,0,0,0,0,0,0,0,0,0,"NA",,0,0,0,0,0,0,0,0,0,0,0,0,"NA",,0,0,0,0,0,0,0,0,0,0,0,0,"NA",,0,0,0,"NA",,0,0,0,0,0,0,0,0,0,0,0,0,0,0,0,"NA"
Kitui April,0,0,0,0,0,0,0,0,0,0,0,0,0,0,0,"NA",,0,0,0,0,0,0,0,0,0,0,0,0,0,0,0,0,0,0,0,"NA",,0,0,0,0,0,0,0,0,0,0,0,0,0,0,0,"NA",,0,0,0,0,0,0,0,0,0,0,0,0,"NA",,0,0,0,0,0,0,0,0,0,0,0,0,"NA",,0,0,0,"NA",,0,0,0,0,0,0,0,0,0,0,0,0,0,0,0,"NA"
Kitui May,0,0,0,0,0,0,0,0,0,0,0,0,0,0,0,"NA",,0,0,0,0,0,0,0,0,0,0,0,0,0,0,0,0,0,0,0,"NA",,0,0,0,0,0,0,0,0,0,0,0,0,0,0,0,"NA",,0,0,0,0,0,0,0,0,0,0,0,0,"NA",,0,0,0,0,0,0,0,0,0,0,0,0,"NA",,0,0,0,"NA",,0,0,0,0,0,0,0,0,0,0,0,0,0,0,0,"NA"
Kitui June,0,0,0,0,0,0,0,0,0,0,0,0,0,0,0,"NA",,0,0,0,0,0,0,0,0,0,0,0,0,0,0,0,0,0,0,0,"NA",,0,0,0,0,0,0,0,0,0,0,0,0,0,0,0,"NA",,0,0,0,0,0,0,0,0,0,0,0,0,"NA",,0,0,0,0,0,0,0,0,0,0,0,0,"NA",,0,0,0,"NA",,0,0,0,0,0,0,0,0,0,0,0,0,0,0,0,"NA"
Kitui July,0,0,0,0,0,0,0,0,0,0,0,0,0,0,0,"NA",,0,0,0,0,0,0,0,0,0,0,0,0,0,0,0,0,0,0,0,"NA",,0,0,0,0,0,0,0,0,0,0,0,0,0,0,0,"NA",,0,0,0,0,0,0,0,0,0,0,0,0,"NA",,0,0,0,0,0,0,0,0,0,0,0,0,"NA",,0,0,0,"NA",,0,0,0,0,0,0,0,0,0,0,0,0,0,0,0,"NA"
Kwale Total,4578,2313,2265,4578,2313,2265,0,0,0,0,0,0,0,0,0,NA,,0,0,0,0,0,0,0,0,0,0,0,0,0,0,0,0,0,0,0,NA,,0,0,0,0,0,0,0,0,0,0,0,0,0,0,0,NA,,44,22,22,44,22,22,0,0,0,0,0,0,NA,,53,39,14,53,39,14,0,0,0,0,0,0,NA,,0,0,0,NA,,2231,1366,865,2231,1366,865,0,0,0,0,0,0,0,0,0,NA
Kwale January,0,0,0,0,0,0,0,0,0,0,0,0,0,0,0,"NA",,0,0,0,0,0,0,0,0,0,0,0,0,0,0,0,0,0,0,0,"NA",,0,0,0,0,0,0,0,0,0,0,0,0,0,0,0,"NA",,0,0,0,0,0,0,0,0,0,0,0,0,"NA",,0,0,0,0,0,0,0,0,0,0,0,0,"NA",,0,0,0,"NA",,0,0,0,0,0,0,0,0,0,0,0,0,0,0,0,"NA"
Kwale February,0,0,0,0,0,0,0,0,0,0,0,0,0,0,0,"NA",,0,0,0,0,0,0,0,0,0,0,0,0,0,0,0,0,0,0,0,"NA",,0,0,0,0,0,0,0,0,0,0,0,0,0,0,0,"NA",,0,0,0,0,0,0,0,0,0,0,0,0,"NA",,0,0,0,0,0,0,0,0,0,0,0,0,"NA",,0,0,0,"NA",,0,0,0,0,0,0,0,0,0,0,0,0,0,0,0,"NA"
Kwale March,442,200,242,442,200,242,0,0,0,0,0,0,0,0,0,"NA",,0,0,0,0,0,0,0,0,0,0,0,0,0,0,0,0,0,0,0,"NA",,0,0,0,0,0,0,0,0,0,0,0,0,0,0,0,"NA",,0,0,0,0,0,0,0,0,0,0,0,0,"NA",,0,0,0,0,0,0,0,0,0,0,0,0,"NA",,0,0,0,"NA",,2000,1200,800,2000,1200,800,0,0,0,0,0,0,0,0,0,"NA"
Kwale April,0,0,0,0,0,0,0,0,0,0,0,0,0,0,0,"NA",,0,0,0,0,0,0,0,0,0,0,0,0,0,0,0,0,0,0,0,"NA",,0,0,0,0,0,0,0,0,0,0,0,0,0,0,0,"NA",,0,0,0,0,0,0,0,0,0,0,0,0,"NA",,0,0,0,0,0,0,0,0,0,0,0,0,"NA",,0,0,0,"NA",,0,0,0,0,0,0,0,0,0,0,0,0,0,0,0,"NA"
Kwale May,359,200,159,359,200,159,0,0,0,0,0,0,0,0,0,"NA",,0,0,0,0,0,0,0,0,0,0,0,0,0,0,0,0,0,0,0,"NA",,0,0,0,0,0,0,0,0,0,0,0,0,0,0,0,"NA",,0,0,0,0,0,0,0,0,0,0,0,0,"NA",,0,0,0,0,0,0,0,0,0,0,0,0,"NA",,0,0,0,"NA",,0,0,0,0,0,0,0,0,0,0,0,0,0,0,0,"NA"
Kwale June,3777,1913,1864,3777,1913,1864,0,0,0,0,0,0,0,0,0,"NA",,0,0,0,0,0,0,0,0,0,0,0,0,0,0,0,0,0,0,0,"NA",,0,0,0,0,0,0,0,0,0,0,0,0,0,0,0,"NA",,0,0,0,0,0,0,0,0,0,0,0,0,"NA",,0,0,0,0,0,0,0,0,0,0,0,0,"NA",,0,0,0,"NA",,231,166,65,231,166,65,0,0,0,0,0,0,0,0,0,"NA"
Kwale July,0,0,0,0,0,0,0,0,0,0,0,0,0,0,0,"NA",,0,0,0,0,0,0,0,0,0,0,0,0,0,0,0,0,0,0,0,"NA",,0,0,0,0,0,0,0,0,0,0,0,0,0,0,0,"NA",,44,22,22,44,22,22,0,0,0,0,0,0,"NA",,53,39,14,53,39,14,0,0,0,0,0,0,"NA",,0,0,0,"NA",,0,0,0,0,0,0,0,0,0,0,0,0,0,0,0,"NA"
Laikipia Total,0,0,0,0,0,0,0,0,0,0,0,0,0,0,0,NA,,0,0,0,0,0,0,0,0,0,0,0,0,0,0,0,0,0,0,0,NA,,0,0,0,0,0,0,0,0,0,0,0,0,0,0,0,NA,,44,22,22,44,22,22,0,0,0,0,0,0,NA,,0,0,0,0,0,0,0,0,0,0,0,0,NA,,0,0,0,NA,,0,0,0,0,0,0,0,0,0,0,0,0,0,0,0,NA
Laikipia January,0,0,0,0,0,0,0,0,0,0,0,0,0,0,0,"NA",,0,0,0,0,0,0,0,0,0,0,0,0,0,0,0,0,0,0,0,"NA",,0,0,0,0,0,0,0,0,0,0,0,0,0,0,0,"NA",,0,0,0,0,0,0,0,0,0,0,0,0,"NA",,0,0,0,0,0,0,0,0,0,0,0,0,"NA",,0,0,0,"NA",,0,0,0,0,0,0,0,0,0,0,0,0,0,0,0,"NA"
Laikipia February,0,0,0,0,0,0,0,0,0,0,0,0,0,0,0,"NA",,0,0,0,0,0,0,0,0,0,0,0,0,0,0,0,0,0,0,0,"NA",,0,0,0,0,0,0,0,0,0,0,0,0,0,0,0,"NA",,0,0,0,0,0,0,0,0,0,0,0,0,"NA",,0,0,0,0,0,0,0,0,0,0,0,0,"NA",,0,0,0,"NA",,0,0,0,0,0,0,0,0,0,0,0,0,0,0,0,"NA"
Laikipia March,0,0,0,0,0,0,0,0,0,0,0,0,0,0,0,"NA",,0,0,0,0,0,0,0,0,0,0,0,0,0,0,0,0,0,0,0,"NA",,0,0,0,0,0,0,0,0,0,0,0,0,0,0,0,"NA",,0,0,0,0,0,0,0,0,0,0,0,0,"NA",,0,0,0,0,0,0,0,0,0,0,0,0,"NA",,0,0,0,"NA",,0,0,0,0,0,0,0,0,0,0,0,0,0,0,0,"NA"
Laikipia April,0,0,0,0,0,0,0,0,0,0,0,0,0,0,0,"NA",,0,0,0,0,0,0,0,0,0,0,0,0,0,0,0,0,0,0,0,"NA",,0,0,0,0,0,0,0,0,0,0,0,0,0,0,0,"NA",,0,0,0,0,0,0,0,0,0,0,0,0,"NA",,0,0,0,0,0,0,0,0,0,0,0,0,"NA",,0,0,0,"NA",,0,0,0,0,0,0,0,0,0,0,0,0,0,0,0,"NA"
Laikipia May,0,0,0,0,0,0,0,0,0,0,0,0,0,0,0,"NA",,0,0,0,0,0,0,0,0,0,0,0,0,0,0,0,0,0,0,0,"NA",,0,0,0,0,0,0,0,0,0,0,0,0,0,0,0,"NA",,0,0,0,0,0,0,0,0,0,0,0,0,"NA",,0,0,0,0,0,0,0,0,0,0,0,0,"NA",,0,0,0,"NA",,0,0,0,0,0,0,0,0,0,0,0,0,0,0,0,"NA"
Laikipia June,0,0,0,0,0,0,0,0,0,0,0,0,0,0,0,"NA",,0,0,0,0,0,0,0,0,0,0,0,0,0,0,0,0,0,0,0,"NA",,0,0,0,0,0,0,0,0,0,0,0,0,0,0,0,"NA",,0,0,0,0,0,0,0,0,0,0,0,0,"NA",,0,0,0,0,0,0,0,0,0,0,0,0,"NA",,0,0,0,"NA",,0,0,0,0,0,0,0,0,0,0,0,0,0,0,0,"NA"
Laikipia July,0,0,0,0,0,0,0,0,0,0,0,0,0,0,0,"NA",,0,0,0,0,0,0,0,0,0,0,0,0,0,0,0,0,0,0,0,"NA",,0,0,0,0,0,0,0,0,0,0,0,0,0,0,0,"NA",,44,22,22,44,22,22,0,0,0,0,0,0,Mentorship and Lifeskills,,0,0,0,0,0,0,0,0,0,0,0,0,"NA",,0,0,0,"NA",,0,0,0,0,0,0,0,0,0,0,0,0,0,0,0,"NA"
Lamu Total,0,0,0,0,0,0,0,0,0,0,0,0,0,0,0,NA,,0,0,0,0,0,0,0,0,0,0,0,0,0,0,0,0,0,0,0,NA,,0,0,0,0,0,0,0,0,0,0,0,0,0,0,0,NA,,0,0,0,0,0,0,0,0,0,0,0,0,NA,,0,0,0,0,0,0,0,0,0,0,0,0,NA,,0,0,0,NA,,0,0,0,0,0,0,0,0,0,0,0,0,0,0,0,NA
Lamu January,0,0,0,0,0,0,0,0,0,0,0,0,0,0,0,"NA",,0,0,0,0,0,0,0,0,0,0,0,0,0,0,0,0,0,0,0,"NA",,0,0,0,0,0,0,0,0,0,0,0,0,0,0,0,"NA",,0,0,0,0,0,0,0,0,0,0,0,0,"NA",,0,0,0,0,0,0,0,0,0,0,0,0,"NA",,0,0,0,"NA",,0,0,0,0,0,0,0,0,0,0,0,0,0,0,0,"NA"
Lamu February,0,0,0,0,0,0,0,0,0,0,0,0,0,0,0,"NA",,0,0,0,0,0,0,0,0,0,0,0,0,0,0,0,0,0,0,0,"NA",,0,0,0,0,0,0,0,0,0,0,0,0,0,0,0,"NA",,0,0,0,0,0,0,0,0,0,0,0,0,"NA",,0,0,0,0,0,0,0,0,0,0,0,0,"NA",,0,0,0,"NA",,0,0,0,0,0,0,0,0,0,0,0,0,0,0,0,"NA"
Lamu March,0,0,0,0,0,0,0,0,0,0,0,0,0,0,0,"NA",,0,0,0,0,0,0,0,0,0,0,0,0,0,0,0,0,0,0,0,"NA",,0,0,0,0,0,0,0,0,0,0,0,0,0,0,0,"NA",,0,0,0,0,0,0,0,0,0,0,0,0,"NA",,0,0,0,0,0,0,0,0,0,0,0,0,"NA",,0,0,0,"NA",,0,0,0,0,0,0,0,0,0,0,0,0,0,0,0,"NA"
Lamu April,0,0,0,0,0,0,0,0,0,0,0,0,0,0,0,"NA",,0,0,0,0,0,0,0,0,0,0,0,0,0,0,0,0,0,0,0,"NA",,0,0,0,0,0,0,0,0,0,0,0,0,0,0,0,"NA",,0,0,0,0,0,0,0,0,0,0,0,0,"NA",,0,0,0,0,0,0,0,0,0,0,0,0,"NA",,0,0,0,"NA",,0,0,0,0,0,0,0,0,0,0,0,0,0,0,0,"NA"
Lamu May,0,0,0,0,0,0,0,0,0,0,0,0,0,0,0,"NA",,0,0,0,0,0,0,0,0,0,0,0,0,0,0,0,0,0,0,0,"NA",,0,0,0,0,0,0,0,0,0,0,0,0,0,0,0,"NA",,0,0,0,0,0,0,0,0,0,0,0,0,"NA",,0,0,0,0,0,0,0,0,0,0,0,0,"NA",,0,0,0,"NA",,0,0,0,0,0,0,0,0,0,0,0,0,0,0,0,"NA"
Lamu June,0,0,0,0,0,0,0,0,0,0,0,0,0,0,0,"NA",,0,0,0,0,0,0,0,0,0,0,0,0,0,0,0,0,0,0,0,"NA",,0,0,0,0,0,0,0,0,0,0,0,0,0,0,0,"NA",,0,0,0,0,0,0,0,0,0,0,0,0,"NA",,0,0,0,0,0,0,0,0,0,0,0,0,"NA",,0,0,0,"NA",,0,0,0,0,0,0,0,0,0,0,0,0,0,0,0,"NA"
Lamu July,0,0,0,0,0,0,0,0,0,0,0,0,0,0,0,"NA",,0,0,0,0,0,0,0,0,0,0,0,0,0,0,0,0,0,0,0,"NA",,0,0,0,0,0,0,0,0,0,0,0,0,0,0,0,"NA",,0,0,0,0,0,0,0,0,0,0,0,0,"NA",,0,0,0,0,0,0,0,0,0,0,0,0,"NA",,0,0,0,"NA",,0,0,0,0,0,0,0,0,0,0,0,0,0,0,0,"NA"
Makueni Total,0,0,0,0,0,0,0,0,0,0,0,0,0,0,0,NA,,0,0,0,0,0,0,0,0,0,0,0,0,0,0,0,0,0,0,0,NA,,0,0,0,0,0,0,0,0,0,0,0,0,0,0,0,NA,,0,0,0,0,0,0,0,0,0,0,0,0,NA,,0,0,0,0,0,0,0,0,0,0,0,0,NA,,0,0,0,NA,,0,0,0,0,0,0,0,0,0,0,0,0,0,0,0,NA
Makueni January,0,0,0,0,0,0,0,0,0,0,0,0,0,0,0,"NA",,0,0,0,0,0,0,0,0,0,0,0,0,0,0,0,0,0,0,0,"NA",,0,0,0,0,0,0,0,0,0,0,0,0,0,0,0,"NA",,0,0,0,0,0,0,0,0,0,0,0,0,"NA",,0,0,0,0,0,0,0,0,0,0,0,0,"NA",,0,0,0,"NA",,0,0,0,0,0,0,0,0,0,0,0,0,0,0,0,"NA"
Makueni February,0,0,0,0,0,0,0,0,0,0,0,0,0,0,0,"NA",,0,0,0,0,0,0,0,0,0,0,0,0,0,0,0,0,0,0,0,"NA",,0,0,0,0,0,0,0,0,0,0,0,0,0,0,0,"NA",,0,0,0,0,0,0,0,0,0,0,0,0,"NA",,0,0,0,0,0,0,0,0,0,0,0,0,"NA",,0,0,0,"NA",,0,0,0,0,0,0,0,0,0,0,0,0,0,0,0,"NA"
Makueni March,0,0,0,0,0,0,0,0,0,0,0,0,0,0,0,"NA",,0,0,0,0,0,0,0,0,0,0,0,0,0,0,0,0,0,0,0,"NA",,0,0,0,0,0,0,0,0,0,0,0,0,0,0,0,"NA",,0,0,0,0,0,0,0,0,0,0,0,0,"NA",,0,0,0,0,0,0,0,0,0,0,0,0,"NA",,0,0,0,"NA",,0,0,0,0,0,0,0,0,0,0,0,0,0,0,0,"NA"
Makueni April,0,0,0,0,0,0,0,0,0,0,0,0,0,0,0,"NA",,0,0,0,0,0,0,0,0,0,0,0,0,0,0,0,0,0,0,0,"NA",,0,0,0,0,0,0,0,0,0,0,0,0,0,0,0,"NA",,0,0,0,0,0,0,0,0,0,0,0,0,"NA",,0,0,0,0,0,0,0,0,0,0,0,0,"NA",,0,0,0,"NA",,0,0,0,0,0,0,0,0,0,0,0,0,0,0,0,"NA"
Makueni May,0,0,0,0,0,0,0,0,0,0,0,0,0,0,0,"NA",,0,0,0,0,0,0,0,0,0,0,0,0,0,0,0,0,0,0,0,"NA",,0,0,0,0,0,0,0,0,0,0,0,0,0,0,0,"NA",,0,0,0,0,0,0,0,0,0,0,0,0,"NA",,0,0,0,0,0,0,0,0,0,0,0,0,"NA",,0,0,0,"NA",,0,0,0,0,0,0,0,0,0,0,0,0,0,0,0,"NA"
Makueni June,0,0,0,0,0,0,0,0,0,0,0,0,0,0,0,"NA",,0,0,0,0,0,0,0,0,0,0,0,0,0,0,0,0,0,0,0,"NA",,0,0,0,0,0,0,0,0,0,0,0,0,0,0,0,"NA",,0,0,0,0,0,0,0,0,0,0,0,0,"NA",,0,0,0,0,0,0,0,0,0,0,0,0,"NA",,0,0,0,"NA",,0,0,0,0,0,0,0,0,0,0,0,0,0,0,0,"NA"
Makueni July,0,0,0,0,0,0,0,0,0,0,0,0,0,0,0,"NA",,0,0,0,0,0,0,0,0,0,0,0,0,0,0,0,0,0,0,0,"NA",,0,0,0,0,0,0,0,0,0,0,0,0,0,0,0,"NA",,0,0,0,0,0,0,0,0,0,0,0,0,"NA",,0,0,0,0,0,0,0,0,0,0,0,0,"NA",,0,0,0,"NA",,0,0,0,0,0,0,0,0,0,0,0,0,0,0,0,"NA"
Mandera Total,0,0,0,0,0,0,0,0,0,0,0,0,0,0,0,NA,,0,0,0,0,0,0,0,0,0,0,0,0,0,0,0,0,0,0,0,NA,,600,360,240,600,360,240,0,0,0,0,0,0,0,0,0,NA,,150,139,11,150,139,11,0,0,0,0,0,0,NA,,0,0,0,0,0,0,0,0,0,0,0,0,NA,,0,0,0,NA,,0,0,0,0,0,0,0,0,0,0,0,0,0,0,0,NA
Mandera January,0,0,0,0,0,0,0,0,0,0,0,0,0,0,0,"NA",,0,0,0,0,0,0,0,0,0,0,0,0,0,0,0,0,0,0,0,"NA",,0,0,0,0,0,0,0,0,0,0,0,0,0,0,0,"NA",,0,0,0,0,0,0,0,0,0,0,0,0,"NA",,0,0,0,0,0,0,0,0,0,0,0,0,"NA",,0,0,0,"NA",,0,0,0,0,0,0,0,0,0,0,0,0,0,0,0,"NA"
Mandera February,0,0,0,0,0,0,0,0,0,0,0,0,0,0,0,"NA",,0,0,0,0,0,0,0,0,0,0,0,0,0,0,0,0,0,0,0,"NA",,0,0,0,0,0,0,0,0,0,0,0,0,0,0,0,"NA",,0,0,0,0,0,0,0,0,0,0,0,0,"NA",,0,0,0,0,0,0,0,0,0,0,0,0,"NA",,0,0,0,"NA",,0,0,0,0,0,0,0,0,0,0,0,0,0,0,0,"NA"
Mandera March,0,0,0,0,0,0,0,0,0,0,0,0,0,0,0,"NA",,0,0,0,0,0,0,0,0,0,0,0,0,0,0,0,0,0,0,0,"NA",,600,360,240,600,360,240,0,0,0,0,0,0,0,0,0,UNICEF  supported CDE Mandera to provide 200 desks benefiting 600 children,,150,139,11,150,139,11,0,0,0,0,0,0,A total of 150 teachers were provided with incentives by CDE mandera through UNICEF support to provide catch up classes for newly enrolled children in 100 target schools.,,0,0,0,0,0,0,0,0,0,0,0,0,"NA",,0,0,0,"NA",,0,0,0,0,0,0,0,0,0,0,0,0,0,0,0,"NA"
Mandera April,0,0,0,0,0,0,0,0,0,0,0,0,0,0,0,"NA",,0,0,0,0,0,0,0,0,0,0,0,0,0,0,0,0,0,0,0,"NA",,0,0,0,0,0,0,0,0,0,0,0,0,0,0,0,"NA",,0,0,0,0,0,0,0,0,0,0,0,0,"NA",,0,0,0,0,0,0,0,0,0,0,0,0,"NA",,0,0,0,"NA",,0,0,0,0,0,0,0,0,0,0,0,0,0,0,0,"NA"
Mandera May,0,0,0,0,0,0,0,0,0,0,0,0,0,0,0,"NA",,0,0,0,0,0,0,0,0,0,0,0,0,0,0,0,0,0,0,0,"NA",,0,0,0,0,0,0,0,0,0,0,0,0,0,0,0,"NA",,0,0,0,0,0,0,0,0,0,0,0,0,"NA",,0,0,0,0,0,0,0,0,0,0,0,0,"NA",,0,0,0,"NA",,0,0,0,0,0,0,0,0,0,0,0,0,0,0,0,"NA"
Mandera June,0,0,0,0,0,0,0,0,0,0,0,0,0,0,0,"NA",,0,0,0,0,0,0,0,0,0,0,0,0,0,0,0,0,0,0,0,"NA",,0,0,0,0,0,0,0,0,0,0,0,0,0,0,0,"NA",,0,0,0,0,0,0,0,0,0,0,0,0,"NA",,0,0,0,0,0,0,0,0,0,0,0,0,"NA",,0,0,0,"NA",,0,0,0,0,0,0,0,0,0,0,0,0,0,0,0,"NA"
Mandera July,0,0,0,0,0,0,0,0,0,0,0,0,0,0,0,"NA",,0,0,0,0,0,0,0,0,0,0,0,0,0,0,0,0,0,0,0,"NA",,0,0,0,0,0,0,0,0,0,0,0,0,0,0,0,"NA",,0,0,0,0,0,0,0,0,0,0,0,0,"NA",,0,0,0,0,0,0,0,0,0,0,0,0,"NA",,0,0,0,"NA",,0,0,0,0,0,0,0,0,0,0,0,0,0,0,0,"NA"
Marsabit Total,3664,2203,1461,3664,2203,1461,0,0,0,0,0,0,0,0,0,NA,,16838,8614,8224,16838,8614,8224,0,0,0,0,0,0,0,0,0,0,10,0,0,NA,,19720,9431,10289,19720,9431,10289,0,0,0,0,0,0,0,0,0,NA,,186,162,24,186,162,24,0,0,0,0,0,0,NA,,148,123,25,148,123,25,0,0,0,0,0,0,NA,,0,0,0,NA,,288,134,154,288,134,154,0,0,0,0,0,0,0,0,0,NA
Marsabit January,500,271,229,500,271,229,0,0,0,0,0,0,0,0,0,Moblization of OOSC back to school,,2548,1303,1245,2548,1303,1245,0,0,0,0,0,0,0,0,0,0,10,0,0,"2 latrine units in each of the following  5 schools Hekima primary, Saku primary, Boruharo primary, St Peter primary and Badassa primary schools",,0,0,0,0,0,0,0,0,0,0,0,0,0,0,0,"NA",,0,0,0,0,0,0,0,0,0,0,0,0,"NA",,0,0,0,0,0,0,0,0,0,0,0,0,"NA",,0,0,0,"NA",,0,0,0,0,0,0,0,0,0,0,0,0,0,0,0,"NA"
Marsabit February,1000,646,354,1000,646,354,0,0,0,0,0,0,0,0,0,"NA",,0,0,0,0,0,0,0,0,0,0,0,0,0,0,0,0,0,0,0,"NA",,0,0,0,0,0,0,0,0,0,0,0,0,0,0,0,"NA",,0,0,0,0,0,0,0,0,0,0,0,0,"NA",,93,83,10,93,83,10,0,0,0,0,0,0,1BOM Capacity building on mobilization and retention of OOSC,,0,0,0,"NA",,0,0,0,0,0,0,0,0,0,0,0,0,0,0,0,"NA"
Marsabit March,1600,1003,597,1600,1003,597,0,0,0,0,0,0,0,0,0,one enrolment campaing by FCA with support from UNICEF bringing back 1600 OOSC children back to school,,0,0,0,0,0,0,0,0,0,0,0,0,0,0,0,0,0,0,0,"NA",,0,0,0,0,0,0,0,0,0,0,0,0,0,0,0,"NA",,0,0,0,0,0,0,0,0,0,0,0,0,"NA",,55,40,15,55,40,15,0,0,0,0,0,0,"A total of 55 school BOM were trained on school managemnet, enrolment , retnetion mobolblization and accountability",,0,0,0,"NA",,0,0,0,0,0,0,0,0,0,0,0,0,0,0,0,"NA"
Marsabit April,0,0,0,0,0,0,0,0,0,0,0,0,0,0,0,"NA",,0,0,0,0,0,0,0,0,0,0,0,0,0,0,0,0,0,0,0,"NA",,0,0,0,0,0,0,0,0,0,0,0,0,0,0,0,"NA",,0,0,0,0,0,0,0,0,0,0,0,0,"NA",,0,0,0,0,0,0,0,0,0,0,0,0,"NA",,0,0,0,"NA",,0,0,0,0,0,0,0,0,0,0,0,0,0,0,0,"NA"
Marsabit May,0,0,0,0,0,0,0,0,0,0,0,0,0,0,0,"NA",,14290,7311,6979,14290,7311,6979,0,0,0,0,0,0,0,0,0,0,0,0,0,"Finn Church Aid in Marsabit  with support from UNICEF supported 37 schools with 115 handwashing kits benefiting 14,290 (7,311boys, 6,979 girls) learners.",,19720,9431,10289,19720,9431,10289,0,0,0,0,0,0,0,0,0,"FCA  with support from UNICEF distributed teaching and learning materials to 60 Primary schools benefiting 19,720 (9,431boys, 10,289 girls) learners",,0,0,0,0,0,0,0,0,0,0,0,0,"NA",,0,0,0,0,0,0,0,0,0,0,0,0,"NA",,0,0,0,"NA",,0,0,0,0,0,0,0,0,0,0,0,0,0,0,0,"NA"
Marsabit June,441,210,231,441,210,231,0,0,0,0,0,0,0,0,0,"Finn Church Aid (FCA) with support from UNICEF carried out back to school campaing in Marsabit county bringing back to school a total of 441 (210 boys, 231 girls) OOSC",,0,0,0,0,0,0,0,0,0,0,0,0,0,0,0,0,0,0,0,"NA",,0,0,0,0,0,0,0,0,0,0,0,0,0,0,0,"NA",,0,0,0,0,0,0,0,0,0,0,0,0,"NA",,0,0,0,0,0,0,0,0,0,0,0,0,"NA",,0,0,0,"NA",,288,134,154,288,134,154,0,0,0,0,0,0,0,0,0,"288 (134 boys, 154 girls) learners were sensitized on child protection, child rights, gender norms, GBV and  PSEA"
Marsabit July,123,73,50,123,73,50,0,0,0,0,0,0,0,0,0,"Finn Church Aid (FCA) with support from UNICEF carried out back to school campaing in Marsabit county bringing back to school a total of 123 73boys, 50 girls) OOSC",,0,0,0,0,0,0,0,0,0,0,0,0,0,0,0,0,0,0,0,"NA",,0,0,0,0,0,0,0,0,0,0,0,0,0,0,0,"NA",,186,162,24,186,162,24,0,0,0,0,0,0,"CDE Marsabit trianed 186 (162M, 24F) teachers on inclusive Education to improve the inclusion of Children living with disability in the education system",,0,0,0,0,0,0,0,0,0,0,0,0,"NA",,0,0,0,"NA",,0,0,0,0,0,0,0,0,0,0,0,0,0,0,0,"NA"
Meru Total,0,0,0,0,0,0,0,0,0,0,0,0,0,0,0,NA,,0,0,0,0,0,0,0,0,0,0,0,0,0,0,0,0,0,0,0,NA,,0,0,0,0,0,0,0,0,0,0,0,0,0,0,0,NA,,0,0,0,0,0,0,0,0,0,0,0,0,NA,,0,0,0,0,0,0,0,0,0,0,0,0,NA,,0,0,0,NA,,0,0,0,0,0,0,0,0,0,0,0,0,0,0,0,NA
Meru January,0,0,0,0,0,0,0,0,0,0,0,0,0,0,0,"NA",,0,0,0,0,0,0,0,0,0,0,0,0,0,0,0,0,0,0,0,"NA",,0,0,0,0,0,0,0,0,0,0,0,0,0,0,0,"NA",,0,0,0,0,0,0,0,0,0,0,0,0,"NA",,0,0,0,0,0,0,0,0,0,0,0,0,"NA",,0,0,0,"NA",,0,0,0,0,0,0,0,0,0,0,0,0,0,0,0,"NA"
Meru February,0,0,0,0,0,0,0,0,0,0,0,0,0,0,0,"NA",,0,0,0,0,0,0,0,0,0,0,0,0,0,0,0,0,0,0,0,"NA",,0,0,0,0,0,0,0,0,0,0,0,0,0,0,0,"NA",,0,0,0,0,0,0,0,0,0,0,0,0,"NA",,0,0,0,0,0,0,0,0,0,0,0,0,"NA",,0,0,0,"NA",,0,0,0,0,0,0,0,0,0,0,0,0,0,0,0,"NA"
Meru March,0,0,0,0,0,0,0,0,0,0,0,0,0,0,0,"NA",,0,0,0,0,0,0,0,0,0,0,0,0,0,0,0,0,0,0,0,"NA",,0,0,0,0,0,0,0,0,0,0,0,0,0,0,0,"NA",,0,0,0,0,0,0,0,0,0,0,0,0,"NA",,0,0,0,0,0,0,0,0,0,0,0,0,"NA",,0,0,0,"NA",,0,0,0,0,0,0,0,0,0,0,0,0,0,0,0,"NA"
Meru April,0,0,0,0,0,0,0,0,0,0,0,0,0,0,0,"NA",,0,0,0,0,0,0,0,0,0,0,0,0,0,0,0,0,0,0,0,"NA",,0,0,0,0,0,0,0,0,0,0,0,0,0,0,0,"NA",,0,0,0,0,0,0,0,0,0,0,0,0,"NA",,0,0,0,0,0,0,0,0,0,0,0,0,"NA",,0,0,0,"NA",,0,0,0,0,0,0,0,0,0,0,0,0,0,0,0,"NA"
Meru May,0,0,0,0,0,0,0,0,0,0,0,0,0,0,0,"NA",,0,0,0,0,0,0,0,0,0,0,0,0,0,0,0,0,0,0,0,"NA",,0,0,0,0,0,0,0,0,0,0,0,0,0,0,0,"NA",,0,0,0,0,0,0,0,0,0,0,0,0,"NA",,0,0,0,0,0,0,0,0,0,0,0,0,"NA",,0,0,0,"NA",,0,0,0,0,0,0,0,0,0,0,0,0,0,0,0,"NA"
Meru June,0,0,0,0,0,0,0,0,0,0,0,0,0,0,0,"NA",,0,0,0,0,0,0,0,0,0,0,0,0,0,0,0,0,0,0,0,"NA",,0,0,0,0,0,0,0,0,0,0,0,0,0,0,0,"NA",,0,0,0,0,0,0,0,0,0,0,0,0,"NA",,0,0,0,0,0,0,0,0,0,0,0,0,"NA",,0,0,0,"NA",,0,0,0,0,0,0,0,0,0,0,0,0,0,0,0,"NA"
Meru July,0,0,0,0,0,0,0,0,0,0,0,0,0,0,0,"NA",,0,0,0,0,0,0,0,0,0,0,0,0,0,0,0,0,0,0,0,"NA",,0,0,0,0,0,0,0,0,0,0,0,0,0,0,0,"NA",,0,0,0,0,0,0,0,0,0,0,0,0,"NA",,0,0,0,0,0,0,0,0,0,0,0,0,"NA",,0,0,0,"NA",,0,0,0,0,0,0,0,0,0,0,0,0,0,0,0,"NA"
Migori Total,0,0,0,0,0,0,0,0,0,0,0,0,0,0,0,NA,,0,0,0,0,0,0,0,0,0,0,0,0,0,0,0,0,0,0,0,NA,,0,0,0,0,0,0,0,0,0,0,0,0,0,0,0,NA,,0,0,0,0,0,0,0,0,0,0,0,0,NA,,0,0,0,0,0,0,0,0,0,0,0,0,NA,,0,0,0,NA,,0,0,0,0,0,0,0,0,0,0,0,0,0,0,0,NA
Migori January,0,0,0,0,0,0,0,0,0,0,0,0,0,0,0,"NA",,0,0,0,0,0,0,0,0,0,0,0,0,0,0,0,0,0,0,0,"NA",,0,0,0,0,0,0,0,0,0,0,0,0,0,0,0,"NA",,0,0,0,0,0,0,0,0,0,0,0,0,"NA",,0,0,0,0,0,0,0,0,0,0,0,0,"NA",,0,0,0,"NA",,0,0,0,0,0,0,0,0,0,0,0,0,0,0,0,"NA"
Migori February,0,0,0,0,0,0,0,0,0,0,0,0,0,0,0,"NA",,0,0,0,0,0,0,0,0,0,0,0,0,0,0,0,0,0,0,0,"NA",,0,0,0,0,0,0,0,0,0,0,0,0,0,0,0,"NA",,0,0,0,0,0,0,0,0,0,0,0,0,"NA",,0,0,0,0,0,0,0,0,0,0,0,0,"NA",,0,0,0,"NA",,0,0,0,0,0,0,0,0,0,0,0,0,0,0,0,"NA"
Migori March,0,0,0,0,0,0,0,0,0,0,0,0,0,0,0,"NA",,0,0,0,0,0,0,0,0,0,0,0,0,0,0,0,0,0,0,0,"NA",,0,0,0,0,0,0,0,0,0,0,0,0,0,0,0,"NA",,0,0,0,0,0,0,0,0,0,0,0,0,"NA",,0,0,0,0,0,0,0,0,0,0,0,0,"NA",,0,0,0,"NA",,0,0,0,0,0,0,0,0,0,0,0,0,0,0,0,"NA"
Migori April,0,0,0,0,0,0,0,0,0,0,0,0,0,0,0,"NA",,0,0,0,0,0,0,0,0,0,0,0,0,0,0,0,0,0,0,0,"NA",,0,0,0,0,0,0,0,0,0,0,0,0,0,0,0,"NA",,0,0,0,0,0,0,0,0,0,0,0,0,"NA",,0,0,0,0,0,0,0,0,0,0,0,0,"NA",,0,0,0,"NA",,0,0,0,0,0,0,0,0,0,0,0,0,0,0,0,"NA"
Migori May,0,0,0,0,0,0,0,0,0,0,0,0,0,0,0,"NA",,0,0,0,0,0,0,0,0,0,0,0,0,0,0,0,0,0,0,0,"NA",,0,0,0,0,0,0,0,0,0,0,0,0,0,0,0,"NA",,0,0,0,0,0,0,0,0,0,0,0,0,"NA",,0,0,0,0,0,0,0,0,0,0,0,0,"NA",,0,0,0,"NA",,0,0,0,0,0,0,0,0,0,0,0,0,0,0,0,"NA"
Migori June,0,0,0,0,0,0,0,0,0,0,0,0,0,0,0,"NA",,0,0,0,0,0,0,0,0,0,0,0,0,0,0,0,0,0,0,0,"NA",,0,0,0,0,0,0,0,0,0,0,0,0,0,0,0,"NA",,0,0,0,0,0,0,0,0,0,0,0,0,"NA",,0,0,0,0,0,0,0,0,0,0,0,0,"NA",,0,0,0,"NA",,0,0,0,0,0,0,0,0,0,0,0,0,0,0,0,"NA"
Migori July,0,0,0,0,0,0,0,0,0,0,0,0,0,0,0,"NA",,0,0,0,0,0,0,0,0,0,0,0,0,0,0,0,0,0,0,0,"NA",,0,0,0,0,0,0,0,0,0,0,0,0,0,0,0,"NA",,0,0,0,0,0,0,0,0,0,0,0,0,"NA",,0,0,0,0,0,0,0,0,0,0,0,0,"NA",,0,0,0,"NA",,0,0,0,0,0,0,0,0,0,0,0,0,0,0,0,"NA"
Nairobi Total,0,0,0,0,0,0,0,0,0,0,0,0,0,0,0,NA,,0,0,0,0,0,0,0,0,0,0,0,0,0,0,0,0,0,0,0,NA,,0,0,0,0,0,0,0,0,0,0,0,0,0,0,0,NA,,0,0,0,0,0,0,0,0,0,0,0,0,NA,,0,0,0,0,0,0,0,0,0,0,0,0,NA,,0,0,0,NA,,0,0,0,0,0,0,0,0,0,0,0,0,0,0,0,NA
Nairobi January,0,0,0,0,0,0,0,0,0,0,0,0,0,0,0,"NA",,0,0,0,0,0,0,0,0,0,0,0,0,0,0,0,0,0,0,0,"NA",,0,0,0,0,0,0,0,0,0,0,0,0,0,0,0,"NA",,0,0,0,0,0,0,0,0,0,0,0,0,"NA",,0,0,0,0,0,0,0,0,0,0,0,0,"NA",,0,0,0,"NA",,0,0,0,0,0,0,0,0,0,0,0,0,0,0,0,"NA"
Nairobi February,0,0,0,0,0,0,0,0,0,0,0,0,0,0,0,"NA",,0,0,0,0,0,0,0,0,0,0,0,0,0,0,0,0,0,0,0,"NA",,0,0,0,0,0,0,0,0,0,0,0,0,0,0,0,"NA",,0,0,0,0,0,0,0,0,0,0,0,0,"NA",,0,0,0,0,0,0,0,0,0,0,0,0,"NA",,0,0,0,"NA",,0,0,0,0,0,0,0,0,0,0,0,0,0,0,0,"NA"
Nairobi March,0,0,0,0,0,0,0,0,0,0,0,0,0,0,0,"NA",,0,0,0,0,0,0,0,0,0,0,0,0,0,0,0,0,0,0,0,"NA",,0,0,0,0,0,0,0,0,0,0,0,0,0,0,0,"NA",,0,0,0,0,0,0,0,0,0,0,0,0,"NA",,0,0,0,0,0,0,0,0,0,0,0,0,"NA",,0,0,0,"NA",,0,0,0,0,0,0,0,0,0,0,0,0,0,0,0,"NA"
Nairobi April,0,0,0,0,0,0,0,0,0,0,0,0,0,0,0,"NA",,0,0,0,0,0,0,0,0,0,0,0,0,0,0,0,0,0,0,0,"NA",,0,0,0,0,0,0,0,0,0,0,0,0,0,0,0,"NA",,0,0,0,0,0,0,0,0,0,0,0,0,"NA",,0,0,0,0,0,0,0,0,0,0,0,0,"NA",,0,0,0,"NA",,0,0,0,0,0,0,0,0,0,0,0,0,0,0,0,"NA"
Nairobi May,0,0,0,0,0,0,0,0,0,0,0,0,0,0,0,"NA",,0,0,0,0,0,0,0,0,0,0,0,0,0,0,0,0,0,0,0,"NA",,0,0,0,0,0,0,0,0,0,0,0,0,0,0,0,"NA",,0,0,0,0,0,0,0,0,0,0,0,0,"NA",,0,0,0,0,0,0,0,0,0,0,0,0,"NA",,0,0,0,"NA",,0,0,0,0,0,0,0,0,0,0,0,0,0,0,0,"NA"
Nairobi June,0,0,0,0,0,0,0,0,0,0,0,0,0,0,0,"NA",,0,0,0,0,0,0,0,0,0,0,0,0,0,0,0,0,0,0,0,"NA",,0,0,0,0,0,0,0,0,0,0,0,0,0,0,0,"NA",,0,0,0,0,0,0,0,0,0,0,0,0,"NA",,0,0,0,0,0,0,0,0,0,0,0,0,"NA",,0,0,0,"NA",,0,0,0,0,0,0,0,0,0,0,0,0,0,0,0,"NA"
Nairobi July,0,0,0,0,0,0,0,0,0,0,0,0,0,0,0,"NA",,0,0,0,0,0,0,0,0,0,0,0,0,0,0,0,0,0,0,0,"NA",,0,0,0,0,0,0,0,0,0,0,0,0,0,0,0,"NA",,0,0,0,0,0,0,0,0,0,0,0,0,"NA",,0,0,0,0,0,0,0,0,0,0,0,0,"NA",,0,0,0,"NA",,0,0,0,0,0,0,0,0,0,0,0,0,0,0,0,"NA"
Narok Total,3417,1900,1517,3417,1900,1517,0,0,0,0,0,0,0,0,0,NA,,0,0,0,0,0,0,0,0,0,0,0,0,0,0,0,0,0,0,0,NA,,0,0,0,0,0,0,0,0,0,0,0,0,0,0,0,NA,,0,0,0,0,0,0,0,0,0,0,0,0,NA,,115,83,32,115,83,32,0,0,0,0,0,0,NA,,0,0,0,NA,,378,100,278,378,100,278,0,0,0,0,0,0,0,0,0,NA
Narok January,0,0,0,0,0,0,0,0,0,0,0,0,0,0,0,"NA",,0,0,0,0,0,0,0,0,0,0,0,0,0,0,0,0,0,0,0,"NA",,0,0,0,0,0,0,0,0,0,0,0,0,0,0,0,"NA",,0,0,0,0,0,0,0,0,0,0,0,0,"NA",,0,0,0,0,0,0,0,0,0,0,0,0,"NA",,0,0,0,"NA",,0,0,0,0,0,0,0,0,0,0,0,0,0,0,0,"NA"
Narok February,0,0,0,0,0,0,0,0,0,0,0,0,0,0,0,"NA",,0,0,0,0,0,0,0,0,0,0,0,0,0,0,0,0,0,0,0,"NA",,0,0,0,0,0,0,0,0,0,0,0,0,0,0,0,"NA",,0,0,0,0,0,0,0,0,0,0,0,0,"NA",,0,0,0,0,0,0,0,0,0,0,0,0,"NA",,0,0,0,"NA",,0,0,0,0,0,0,0,0,0,0,0,0,0,0,0,"NA"
Narok March,813,487,326,813,487,326,0,0,0,0,0,0,0,0,0,"NA",,0,0,0,0,0,0,0,0,0,0,0,0,0,0,0,0,0,0,0,"NA",,0,0,0,0,0,0,0,0,0,0,0,0,0,0,0,"NA",,0,0,0,0,0,0,0,0,0,0,0,0,"NA",,115,83,32,115,83,32,0,0,0,0,0,0,"NA",,0,0,0,"NA",,378,100,278,378,100,278,0,0,0,0,0,0,0,0,0,"NA"
Narok April,0,0,0,0,0,0,0,0,0,0,0,0,0,0,0,"NA",,0,0,0,0,0,0,0,0,0,0,0,0,0,0,0,0,0,0,0,"NA",,0,0,0,0,0,0,0,0,0,0,0,0,0,0,0,"NA",,0,0,0,0,0,0,0,0,0,0,0,0,"NA",,0,0,0,0,0,0,0,0,0,0,0,0,"NA",,0,0,0,"NA",,0,0,0,0,0,0,0,0,0,0,0,0,0,0,0,"NA"
Narok May,200,102,98,200,102,98,0,0,0,0,0,0,0,0,0,"NA",,0,0,0,0,0,0,0,0,0,0,0,0,0,0,0,0,0,0,0,"NA",,0,0,0,0,0,0,0,0,0,0,0,0,0,0,0,"NA",,0,0,0,0,0,0,0,0,0,0,0,0,"NA",,0,0,0,0,0,0,0,0,0,0,0,0,"NA",,0,0,0,"NA",,0,0,0,0,0,0,0,0,0,0,0,0,0,0,0,"NA"
Narok June,2404,1311,1093,2404,1311,1093,0,0,0,0,0,0,0,0,0,"NA",,0,0,0,0,0,0,0,0,0,0,0,0,0,0,0,0,0,0,0,"NA",,0,0,0,0,0,0,0,0,0,0,0,0,0,0,0,"NA",,0,0,0,0,0,0,0,0,0,0,0,0,"NA",,0,0,0,0,0,0,0,0,0,0,0,0,"NA",,0,0,0,"NA",,0,0,0,0,0,0,0,0,0,0,0,0,0,0,0,"NA"
Narok July,0,0,0,0,0,0,0,0,0,0,0,0,0,0,0,"NA",,0,0,0,0,0,0,0,0,0,0,0,0,0,0,0,0,0,0,0,"NA",,0,0,0,0,0,0,0,0,0,0,0,0,0,0,0,"NA",,0,0,0,0,0,0,0,0,0,0,0,0,"NA",,0,0,0,0,0,0,0,0,0,0,0,0,"NA",,0,0,0,"NA",,0,0,0,0,0,0,0,0,0,0,0,0,0,0,0,"NA"
Nyeri Total,0,0,0,0,0,0,0,0,0,0,0,0,0,0,0,NA,,0,0,0,0,0,0,0,0,0,0,0,0,0,0,0,0,0,0,0,NA,,0,0,0,0,0,0,0,0,0,0,0,0,0,0,0,NA,,0,0,0,0,0,0,0,0,0,0,0,0,NA,,0,0,0,0,0,0,0,0,0,0,0,0,NA,,0,0,0,NA,,0,0,0,0,0,0,0,0,0,0,0,0,0,0,0,NA
Nyeri January,0,0,0,0,0,0,0,0,0,0,0,0,0,0,0,"NA",,0,0,0,0,0,0,0,0,0,0,0,0,0,0,0,0,0,0,0,"NA",,0,0,0,0,0,0,0,0,0,0,0,0,0,0,0,"NA",,0,0,0,0,0,0,0,0,0,0,0,0,"NA",,0,0,0,0,0,0,0,0,0,0,0,0,"NA",,0,0,0,"NA",,0,0,0,0,0,0,0,0,0,0,0,0,0,0,0,"NA"
Nyeri February,0,0,0,0,0,0,0,0,0,0,0,0,0,0,0,"NA",,0,0,0,0,0,0,0,0,0,0,0,0,0,0,0,0,0,0,0,"NA",,0,0,0,0,0,0,0,0,0,0,0,0,0,0,0,"NA",,0,0,0,0,0,0,0,0,0,0,0,0,"NA",,0,0,0,0,0,0,0,0,0,0,0,0,"NA",,0,0,0,"NA",,0,0,0,0,0,0,0,0,0,0,0,0,0,0,0,"NA"
Nyeri March,0,0,0,0,0,0,0,0,0,0,0,0,0,0,0,"NA",,0,0,0,0,0,0,0,0,0,0,0,0,0,0,0,0,0,0,0,"NA",,0,0,0,0,0,0,0,0,0,0,0,0,0,0,0,"NA",,0,0,0,0,0,0,0,0,0,0,0,0,"NA",,0,0,0,0,0,0,0,0,0,0,0,0,"NA",,0,0,0,"NA",,0,0,0,0,0,0,0,0,0,0,0,0,0,0,0,"NA"
Nyeri April,0,0,0,0,0,0,0,0,0,0,0,0,0,0,0,"NA",,0,0,0,0,0,0,0,0,0,0,0,0,0,0,0,0,0,0,0,"NA",,0,0,0,0,0,0,0,0,0,0,0,0,0,0,0,"NA",,0,0,0,0,0,0,0,0,0,0,0,0,"NA",,0,0,0,0,0,0,0,0,0,0,0,0,"NA",,0,0,0,"NA",,0,0,0,0,0,0,0,0,0,0,0,0,0,0,0,"NA"
Nyeri May,0,0,0,0,0,0,0,0,0,0,0,0,0,0,0,"NA",,0,0,0,0,0,0,0,0,0,0,0,0,0,0,0,0,0,0,0,"NA",,0,0,0,0,0,0,0,0,0,0,0,0,0,0,0,"NA",,0,0,0,0,0,0,0,0,0,0,0,0,"NA",,0,0,0,0,0,0,0,0,0,0,0,0,"NA",,0,0,0,"NA",,0,0,0,0,0,0,0,0,0,0,0,0,0,0,0,"NA"
Nyeri June,0,0,0,0,0,0,0,0,0,0,0,0,0,0,0,"NA",,0,0,0,0,0,0,0,0,0,0,0,0,0,0,0,0,0,0,0,"NA",,0,0,0,0,0,0,0,0,0,0,0,0,0,0,0,"NA",,0,0,0,0,0,0,0,0,0,0,0,0,"NA",,0,0,0,0,0,0,0,0,0,0,0,0,"NA",,0,0,0,"NA",,0,0,0,0,0,0,0,0,0,0,0,0,0,0,0,"NA"
Nyeri July,0,0,0,0,0,0,0,0,0,0,0,0,0,0,0,"NA",,0,0,0,0,0,0,0,0,0,0,0,0,0,0,0,0,0,0,0,"NA",,0,0,0,0,0,0,0,0,0,0,0,0,0,0,0,"NA",,0,0,0,0,0,0,0,0,0,0,0,0,"NA",,0,0,0,0,0,0,0,0,0,0,0,0,"NA",,0,0,0,"NA",,0,0,0,0,0,0,0,0,0,0,0,0,0,0,0,"NA"
Samburu Total,4621,2554,2067,4621,2554,2067,0,0,0,0,0,0,275,155,120,NA,,0,0,0,0,0,0,0,0,0,0,0,0,0,0,0,0,0,0,0,NA,,0,0,0,0,0,0,0,0,0,0,0,0,0,0,0,NA,,0,0,0,0,0,0,0,0,0,0,0,0,NA,,50,40,10,50,40,10,0,0,0,0,0,0,NA,,232,126,106,NA,,982,351,631,982,351,631,0,0,0,0,0,0,0,0,0,NA
Samburu January,87,51,36,87,51,36,0,0,0,0,0,0,0,0,0,"50 Primary school in Samburu County have been supported in carrying out enrolment drive campaigns towards bring back OOSC. EDCs have been supported to develop messaging to be used during their back-to-school campaigns. They were also facilitated to carry out door to door campaigns for 5 days on re-enrolment of OOSC at the village level.
Enrollment Drive Committees (EDCs) in 13 primary schools within Samburu County have been sensitized and supported to carry out mapping for OOSC at school level. The ECDs were also sensitized on their roles towards bringing OOSC back to school. 38 male, 12 female participated.",,0,0,0,0,0,0,0,0,0,0,0,0,0,0,0,0,0,0,0,"NA",,0,0,0,0,0,0,0,0,0,0,0,0,0,0,0,"NA",,0,0,0,0,0,0,0,0,0,0,0,0,"NA",,0,0,0,0,0,0,0,0,0,0,0,0,"NA",,0,0,0,"NA",,0,0,0,0,0,0,0,0,0,0,0,0,0,0,0,"NA"
Samburu February,0,0,0,0,0,0,0,0,0,0,0,0,0,0,0,"NA",,0,0,0,0,0,0,0,0,0,0,0,0,0,0,0,0,0,0,0,"NA",,0,0,0,0,0,0,0,0,0,0,0,0,0,0,0,"NA",,0,0,0,0,0,0,0,0,0,0,0,0,"NA",,0,0,0,0,0,0,0,0,0,0,0,0,"NA",,0,0,0,"NA",,0,0,0,0,0,0,0,0,0,0,0,0,0,0,0,"NA"
Samburu March,1059,582,477,1059,582,477,0,0,0,0,0,0,24,14,10,"To promote improved enrolment and retention of OOSC leaners, enrolment drive campaigns at school level was conducted.",,0,0,0,0,0,0,0,0,0,0,0,0,0,0,0,0,0,0,0,"NA",,0,0,0,0,0,0,0,0,0,0,0,0,0,0,0,"NA",,0,0,0,0,0,0,0,0,0,0,0,0,"NA",,0,0,0,0,0,0,0,0,0,0,0,0,"NA",,0,0,0,"NA",,229,0,229,229,0,229,0,0,0,0,0,0,0,0,0,Mentorship activities were done in 3 secondary schools.
Samburu April,921,520,401,921,520,401,0,0,0,0,0,0,251,141,110,Enrolment drive campaigns at school level towards improved re-enrolment of OOSC.,,0,0,0,0,0,0,0,0,0,0,0,0,0,0,0,0,0,0,0,"NA",,0,0,0,0,0,0,0,0,0,0,0,0,0,0,0,"NA",,0,0,0,0,0,0,0,0,0,0,0,0,"NA",,19,12,7,19,12,7,0,0,0,0,0,0,"NA",,84,60,24,"Teachers and Headteachers have been trained on UNICEF online data collection system (DAA Platform), mentorship; alumni associations have been established in the target schools to support mentorship in schools in addition to inputting data",,753,351,402,753,351,402,0,0,0,0,0,0,0,0,0,"Children have been trained on mental health, psychosocial Support and hygiene promotion leading to improved access to child protection and PSS."
Samburu May,294,167,127,294,167,127,0,0,0,0,0,0,0,0,0,"NA",,0,0,0,0,0,0,0,0,0,0,0,0,0,0,0,0,0,0,0,"NA",,0,0,0,0,0,0,0,0,0,0,0,0,0,0,0,"NA",,0,0,0,0,0,0,0,0,0,0,0,0,"NA",,0,0,0,0,0,0,0,0,0,0,0,0,"NA",,0,0,0,"NA",,0,0,0,0,0,0,0,0,0,0,0,0,0,0,0,"NA"
Samburu June,1354,708,646,1354,708,646,0,0,0,0,0,0,0,0,0,"NA",,0,0,0,0,0,0,0,0,0,0,0,0,0,0,0,0,0,0,0,"NA",,0,0,0,0,0,0,0,0,0,0,0,0,0,0,0,"NA",,0,0,0,0,0,0,0,0,0,0,0,0,"NA",,0,0,0,0,0,0,0,0,0,0,0,0,"NA",,148,66,82,"NA",,0,0,0,0,0,0,0,0,0,0,0,0,0,0,0,"NA"
Samburu July,906,526,380,906,526,380,0,0,0,0,0,0,0,0,0,Enrolment drive campaigns at school level towards improved enrolment of OOSC,,0,0,0,0,0,0,0,0,0,0,0,0,0,0,0,0,0,0,0,"NA",,0,0,0,0,0,0,0,0,0,0,0,0,0,0,0,"NA",,0,0,0,0,0,0,0,0,0,0,0,0,"NA",,31,28,3,31,28,3,0,0,0,0,0,0,BoM training,,0,0,0,"NA",,0,0,0,0,0,0,0,0,0,0,0,0,0,0,0,"NA"
Siaya Total,0,0,0,0,0,0,0,0,0,0,0,0,0,0,0,NA,,0,0,0,0,0,0,0,0,0,0,0,0,0,0,0,0,0,0,0,NA,,0,0,0,0,0,0,0,0,0,0,0,0,0,0,0,NA,,0,0,0,0,0,0,0,0,0,0,0,0,NA,,0,0,0,0,0,0,0,0,0,0,0,0,NA,,0,0,0,NA,,0,0,0,0,0,0,0,0,0,0,0,0,0,0,0,NA
Siaya January,0,0,0,0,0,0,0,0,0,0,0,0,0,0,0,"NA",,0,0,0,0,0,0,0,0,0,0,0,0,0,0,0,0,0,0,0,"NA",,0,0,0,0,0,0,0,0,0,0,0,0,0,0,0,"NA",,0,0,0,0,0,0,0,0,0,0,0,0,"NA",,0,0,0,0,0,0,0,0,0,0,0,0,"NA",,0,0,0,"NA",,0,0,0,0,0,0,0,0,0,0,0,0,0,0,0,"NA"
Siaya February,0,0,0,0,0,0,0,0,0,0,0,0,0,0,0,"NA",,0,0,0,0,0,0,0,0,0,0,0,0,0,0,0,0,0,0,0,"NA",,0,0,0,0,0,0,0,0,0,0,0,0,0,0,0,"NA",,0,0,0,0,0,0,0,0,0,0,0,0,"NA",,0,0,0,0,0,0,0,0,0,0,0,0,"NA",,0,0,0,"NA",,0,0,0,0,0,0,0,0,0,0,0,0,0,0,0,"NA"
Siaya March,0,0,0,0,0,0,0,0,0,0,0,0,0,0,0,"NA",,0,0,0,0,0,0,0,0,0,0,0,0,0,0,0,0,0,0,0,"NA",,0,0,0,0,0,0,0,0,0,0,0,0,0,0,0,"NA",,0,0,0,0,0,0,0,0,0,0,0,0,"NA",,0,0,0,0,0,0,0,0,0,0,0,0,"NA",,0,0,0,"NA",,0,0,0,0,0,0,0,0,0,0,0,0,0,0,0,"NA"
Siaya April,0,0,0,0,0,0,0,0,0,0,0,0,0,0,0,"NA",,0,0,0,0,0,0,0,0,0,0,0,0,0,0,0,0,0,0,0,"NA",,0,0,0,0,0,0,0,0,0,0,0,0,0,0,0,"NA",,0,0,0,0,0,0,0,0,0,0,0,0,"NA",,0,0,0,0,0,0,0,0,0,0,0,0,"NA",,0,0,0,"NA",,0,0,0,0,0,0,0,0,0,0,0,0,0,0,0,"NA"
Siaya May,0,0,0,0,0,0,0,0,0,0,0,0,0,0,0,"NA",,0,0,0,0,0,0,0,0,0,0,0,0,0,0,0,0,0,0,0,"NA",,0,0,0,0,0,0,0,0,0,0,0,0,0,0,0,"NA",,0,0,0,0,0,0,0,0,0,0,0,0,"NA",,0,0,0,0,0,0,0,0,0,0,0,0,"NA",,0,0,0,"NA",,0,0,0,0,0,0,0,0,0,0,0,0,0,0,0,"NA"
Siaya June,0,0,0,0,0,0,0,0,0,0,0,0,0,0,0,"NA",,0,0,0,0,0,0,0,0,0,0,0,0,0,0,0,0,0,0,0,"NA",,0,0,0,0,0,0,0,0,0,0,0,0,0,0,0,"NA",,0,0,0,0,0,0,0,0,0,0,0,0,"NA",,0,0,0,0,0,0,0,0,0,0,0,0,"NA",,0,0,0,"NA",,0,0,0,0,0,0,0,0,0,0,0,0,0,0,0,"NA"
Siaya July,0,0,0,0,0,0,0,0,0,0,0,0,0,0,0,"NA",,0,0,0,0,0,0,0,0,0,0,0,0,0,0,0,0,0,0,0,"NA",,0,0,0,0,0,0,0,0,0,0,0,0,0,0,0,"NA",,0,0,0,0,0,0,0,0,0,0,0,0,"NA",,0,0,0,0,0,0,0,0,0,0,0,0,"NA",,0,0,0,"NA",,0,0,0,0,0,0,0,0,0,0,0,0,0,0,0,"NA"
Taita Taveta Total,0,0,0,0,0,0,0,0,0,0,0,0,0,0,0,NA,,0,0,0,0,0,0,0,0,0,0,0,0,0,0,0,0,0,0,0,NA,,0,0,0,0,0,0,0,0,0,0,0,0,0,0,0,NA,,0,0,0,0,0,0,0,0,0,0,0,0,NA,,0,0,0,0,0,0,0,0,0,0,0,0,NA,,0,0,0,NA,,0,0,0,0,0,0,0,0,0,0,0,0,0,0,0,NA
Taita Taveta January,0,0,0,0,0,0,0,0,0,0,0,0,0,0,0,"NA",,0,0,0,0,0,0,0,0,0,0,0,0,0,0,0,0,0,0,0,"NA",,0,0,0,0,0,0,0,0,0,0,0,0,0,0,0,"NA",,0,0,0,0,0,0,0,0,0,0,0,0,"NA",,0,0,0,0,0,0,0,0,0,0,0,0,"NA",,0,0,0,"NA",,0,0,0,0,0,0,0,0,0,0,0,0,0,0,0,"NA"
Taita Taveta February,0,0,0,0,0,0,0,0,0,0,0,0,0,0,0,"NA",,0,0,0,0,0,0,0,0,0,0,0,0,0,0,0,0,0,0,0,"NA",,0,0,0,0,0,0,0,0,0,0,0,0,0,0,0,"NA",,0,0,0,0,0,0,0,0,0,0,0,0,"NA",,0,0,0,0,0,0,0,0,0,0,0,0,"NA",,0,0,0,"NA",,0,0,0,0,0,0,0,0,0,0,0,0,0,0,0,"NA"
Taita Taveta March,0,0,0,0,0,0,0,0,0,0,0,0,0,0,0,"NA",,0,0,0,0,0,0,0,0,0,0,0,0,0,0,0,0,0,0,0,"NA",,0,0,0,0,0,0,0,0,0,0,0,0,0,0,0,"NA",,0,0,0,0,0,0,0,0,0,0,0,0,"NA",,0,0,0,0,0,0,0,0,0,0,0,0,"NA",,0,0,0,"NA",,0,0,0,0,0,0,0,0,0,0,0,0,0,0,0,"NA"
Taita Taveta April,0,0,0,0,0,0,0,0,0,0,0,0,0,0,0,"NA",,0,0,0,0,0,0,0,0,0,0,0,0,0,0,0,0,0,0,0,"NA",,0,0,0,0,0,0,0,0,0,0,0,0,0,0,0,"NA",,0,0,0,0,0,0,0,0,0,0,0,0,"NA",,0,0,0,0,0,0,0,0,0,0,0,0,"NA",,0,0,0,"NA",,0,0,0,0,0,0,0,0,0,0,0,0,0,0,0,"NA"
Taita Taveta May,0,0,0,0,0,0,0,0,0,0,0,0,0,0,0,"NA",,0,0,0,0,0,0,0,0,0,0,0,0,0,0,0,0,0,0,0,"NA",,0,0,0,0,0,0,0,0,0,0,0,0,0,0,0,"NA",,0,0,0,0,0,0,0,0,0,0,0,0,"NA",,0,0,0,0,0,0,0,0,0,0,0,0,"NA",,0,0,0,"NA",,0,0,0,0,0,0,0,0,0,0,0,0,0,0,0,"NA"
Taita Taveta June,0,0,0,0,0,0,0,0,0,0,0,0,0,0,0,"NA",,0,0,0,0,0,0,0,0,0,0,0,0,0,0,0,0,0,0,0,"NA",,0,0,0,0,0,0,0,0,0,0,0,0,0,0,0,"NA",,0,0,0,0,0,0,0,0,0,0,0,0,"NA",,0,0,0,0,0,0,0,0,0,0,0,0,"NA",,0,0,0,"NA",,0,0,0,0,0,0,0,0,0,0,0,0,0,0,0,"NA"
Taita Taveta July,0,0,0,0,0,0,0,0,0,0,0,0,0,0,0,"NA",,0,0,0,0,0,0,0,0,0,0,0,0,0,0,0,0,0,0,0,"NA",,0,0,0,0,0,0,0,0,0,0,0,0,0,0,0,"NA",,0,0,0,0,0,0,0,0,0,0,0,0,"NA",,0,0,0,0,0,0,0,0,0,0,0,0,"NA",,0,0,0,"NA",,0,0,0,0,0,0,0,0,0,0,0,0,0,0,0,"NA"
Tana River Total,5122,2074,3048,5122,2074,3048,0,0,0,0,0,0,0,0,0,NA,,0,0,0,0,0,0,0,0,0,0,0,0,0,0,0,0,0,0,0,NA,,0,0,0,0,0,0,0,0,0,0,0,0,0,0,0,NA,,0,0,0,0,0,0,0,0,0,0,0,0,NA,,1318,483,835,1318,483,835,0,0,0,0,0,0,NA,,0,0,0,NA,,3769,1320,2449,3769,1320,2449,0,0,0,0,0,0,0,0,0,NA
Tana River January,0,0,0,0,0,0,0,0,0,0,0,0,0,0,0,"NA",,0,0,0,0,0,0,0,0,0,0,0,0,0,0,0,0,0,0,0,"NA",,0,0,0,0,0,0,0,0,0,0,0,0,0,0,0,"NA",,0,0,0,0,0,0,0,0,0,0,0,0,"NA",,0,0,0,0,0,0,0,0,0,0,0,0,"NA",,0,0,0,"NA",,0,0,0,0,0,0,0,0,0,0,0,0,0,0,0,"NA"
Tana River February,4175,1620,2555,4175,1620,2555,0,0,0,0,0,0,0,0,0,"NA",,0,0,0,0,0,0,0,0,0,0,0,0,0,0,0,0,0,0,0,"NA",,0,0,0,0,0,0,0,0,0,0,0,0,0,0,0,"NA",,0,0,0,0,0,0,0,0,0,0,0,0,"NA",,0,0,0,0,0,0,0,0,0,0,0,0,"NA",,0,0,0,"NA",,0,0,0,0,0,0,0,0,0,0,0,0,0,0,0,"NA"
Tana River March,0,0,0,0,0,0,0,0,0,0,0,0,0,0,0,"NA",,0,0,0,0,0,0,0,0,0,0,0,0,0,0,0,0,0,0,0,"NA",,0,0,0,0,0,0,0,0,0,0,0,0,0,0,0,"NA",,0,0,0,0,0,0,0,0,0,0,0,0,"NA",,0,0,0,0,0,0,0,0,0,0,0,0,"NA",,0,0,0,"NA",,0,0,0,0,0,0,0,0,0,0,0,0,0,0,0,"NA"
Tana River April,0,0,0,0,0,0,0,0,0,0,0,0,0,0,0,"NA",,0,0,0,0,0,0,0,0,0,0,0,0,0,0,0,0,0,0,0,"NA",,0,0,0,0,0,0,0,0,0,0,0,0,0,0,0,"NA",,0,0,0,0,0,0,0,0,0,0,0,0,"NA",,0,0,0,0,0,0,0,0,0,0,0,0,"NA",,0,0,0,"NA",,0,0,0,0,0,0,0,0,0,0,0,0,0,0,0,"NA"
Tana River May,557,225,332,557,225,332,0,0,0,0,0,0,0,0,0,"Women Educational Researchers of Kenya (WERK) organized 3 community barazas and engaged with parents and community  members to conduct mobilization of OOSC and successfully mobilized and enrolled 557 (225 boys, 332 girls) OOSC in schools across the county",,0,0,0,0,0,0,0,0,0,0,0,0,0,0,0,0,0,0,0,"NA",,0,0,0,0,0,0,0,0,0,0,0,0,0,0,0,"NA",,0,0,0,0,0,0,0,0,0,0,0,0,"NA",,1318,483,835,1318,483,835,0,0,0,0,0,0,"Women Educational Researchers of Kenya (WERK) organized  community barazas and engaged with parents and community 1318 (483 male, 835 female) members to raise awareness on the importance of education and conduct mobilization of OOSC",,0,0,0,"NA",,3769,1320,2449,3769,1320,2449,0,0,0,0,0,0,0,0,0,"During the reporting periods, regular mentorship sessions were conducted in 39  schools as per the schedule reaching 3,769 (1,320 boys, 2,449 girls"
Tana River June,390,229,161,390,229,161,0,0,0,0,0,0,0,0,0,"(WERK) with support from UNICEF,  conducted several campaigns together with the enrollment drive committees to promote and facilitate the enrolment of out-of-school children (OOSC) reaching 390 (229 boys, 161 girls).",,0,0,0,0,0,0,0,0,0,0,0,0,0,0,0,0,0,0,0,"NA",,0,0,0,0,0,0,0,0,0,0,0,0,0,0,0,"NA",,0,0,0,0,0,0,0,0,0,0,0,0,"NA",,0,0,0,0,0,0,0,0,0,0,0,0,"NA",,0,0,0,"NA",,0,0,0,0,0,0,0,0,0,0,0,0,0,0,0,"NA"
Tana River July,0,0,0,0,0,0,0,0,0,0,0,0,0,0,0,"NA",,0,0,0,0,0,0,0,0,0,0,0,0,0,0,0,0,0,0,0,"NA",,0,0,0,0,0,0,0,0,0,0,0,0,0,0,0,"NA",,0,0,0,0,0,0,0,0,0,0,0,0,"NA",,0,0,0,0,0,0,0,0,0,0,0,0,"NA",,0,0,0,"NA",,0,0,0,0,0,0,0,0,0,0,0,0,0,0,0,"NA"
Tharaka Nithi Total,0,0,0,0,0,0,0,0,0,0,0,0,0,0,0,NA,,0,0,0,0,0,0,0,0,0,0,0,0,0,0,0,0,0,0,0,NA,,0,0,0,0,0,0,0,0,0,0,0,0,0,0,0,NA,,0,0,0,0,0,0,0,0,0,0,0,0,NA,,0,0,0,0,0,0,0,0,0,0,0,0,NA,,0,0,0,NA,,0,0,0,0,0,0,0,0,0,0,0,0,0,0,0,NA
Tharaka Nithi January,0,0,0,0,0,0,0,0,0,0,0,0,0,0,0,"NA",,0,0,0,0,0,0,0,0,0,0,0,0,0,0,0,0,0,0,0,"NA",,0,0,0,0,0,0,0,0,0,0,0,0,0,0,0,"NA",,0,0,0,0,0,0,0,0,0,0,0,0,"NA",,0,0,0,0,0,0,0,0,0,0,0,0,"NA",,0,0,0,"NA",,0,0,0,0,0,0,0,0,0,0,0,0,0,0,0,"NA"
Tharaka Nithi February,0,0,0,0,0,0,0,0,0,0,0,0,0,0,0,"NA",,0,0,0,0,0,0,0,0,0,0,0,0,0,0,0,0,0,0,0,"NA",,0,0,0,0,0,0,0,0,0,0,0,0,0,0,0,"NA",,0,0,0,0,0,0,0,0,0,0,0,0,"NA",,0,0,0,0,0,0,0,0,0,0,0,0,"NA",,0,0,0,"NA",,0,0,0,0,0,0,0,0,0,0,0,0,0,0,0,"NA"
Tharaka Nithi March,0,0,0,0,0,0,0,0,0,0,0,0,0,0,0,"NA",,0,0,0,0,0,0,0,0,0,0,0,0,0,0,0,0,0,0,0,"NA",,0,0,0,0,0,0,0,0,0,0,0,0,0,0,0,"NA",,0,0,0,0,0,0,0,0,0,0,0,0,"NA",,0,0,0,0,0,0,0,0,0,0,0,0,"NA",,0,0,0,"NA",,0,0,0,0,0,0,0,0,0,0,0,0,0,0,0,"NA"
Tharaka Nithi April,0,0,0,0,0,0,0,0,0,0,0,0,0,0,0,"NA",,0,0,0,0,0,0,0,0,0,0,0,0,0,0,0,0,0,0,0,"NA",,0,0,0,0,0,0,0,0,0,0,0,0,0,0,0,"NA",,0,0,0,0,0,0,0,0,0,0,0,0,"NA",,0,0,0,0,0,0,0,0,0,0,0,0,"NA",,0,0,0,"NA",,0,0,0,0,0,0,0,0,0,0,0,0,0,0,0,"NA"
Tharaka Nithi May,0,0,0,0,0,0,0,0,0,0,0,0,0,0,0,"NA",,0,0,0,0,0,0,0,0,0,0,0,0,0,0,0,0,0,0,0,"NA",,0,0,0,0,0,0,0,0,0,0,0,0,0,0,0,"NA",,0,0,0,0,0,0,0,0,0,0,0,0,"NA",,0,0,0,0,0,0,0,0,0,0,0,0,"NA",,0,0,0,"NA",,0,0,0,0,0,0,0,0,0,0,0,0,0,0,0,"NA"
Tharaka Nithi June,0,0,0,0,0,0,0,0,0,0,0,0,0,0,0,"NA",,0,0,0,0,0,0,0,0,0,0,0,0,0,0,0,0,0,0,0,"NA",,0,0,0,0,0,0,0,0,0,0,0,0,0,0,0,"NA",,0,0,0,0,0,0,0,0,0,0,0,0,"NA",,0,0,0,0,0,0,0,0,0,0,0,0,"NA",,0,0,0,"NA",,0,0,0,0,0,0,0,0,0,0,0,0,0,0,0,"NA"
Tharaka Nithi July,0,0,0,0,0,0,0,0,0,0,0,0,0,0,0,"NA",,0,0,0,0,0,0,0,0,0,0,0,0,0,0,0,0,0,0,0,"NA",,0,0,0,0,0,0,0,0,0,0,0,0,0,0,0,"NA",,0,0,0,0,0,0,0,0,0,0,0,0,"NA",,0,0,0,0,0,0,0,0,0,0,0,0,"NA",,0,0,0,"NA",,0,0,0,0,0,0,0,0,0,0,0,0,0,0,0,"NA"
Turkana Total,15250,8231,7019,13815,7435,6380,0,0,0,1435,796,639,596,256,340,NA,,17804,10224,7580,0,0,0,0,0,0,17804,10224,7580,0,0,0,0,0,0,0,NA,,69777,40956,28821,3988,2192,1796,0,0,0,65789,38764,27025,770,457,313,NA,,1007,541,466,592,327,265,0,0,0,415,214,201,NA,,430,309,121,55,47,8,0,0,0,375,262,113,NA,,0,0,0,NA,,29948,18856,11092,5017,2626,2391,0,0,0,24931,16230,8701,0,0,0,NA
Turkana January,2342,1364,978,2342,1364,978,0,0,0,0,0,0,0,0,0,"In Turkana County, four coordination meetings with DCCs, ACCs, SCDEs, Ward and Village Admins and members of village enrolment committees were conducted to revise communication pathways during mobilization exercises and strengthen coordination between Village Enrolment Committees and School administration. 81 male, 18 female participated.",,0,0,0,0,0,0,0,0,0,0,0,0,0,0,0,0,0,0,0,"NA",,0,0,0,0,0,0,0,0,0,0,0,0,0,0,0,"NA",,0,0,0,0,0,0,0,0,0,0,0,0,"NA",,0,0,0,0,0,0,0,0,0,0,0,0,"NA",,0,0,0,"NA",,0,0,0,0,0,0,0,0,0,0,0,0,0,0,0,"NA"
Turkana February,1590,884,706,179,103,76,0,0,0,1411,781,630,95,35,60,"A total of 1590(884B,706G) OOSC and overage learners; 1411(781B,630G) refugees, 179(103B,76G)host learners are accessing learning at AEP centres with direct support from UNICEF. The total number of SNE learners is 95(35B,60G) learners.",,0,0,0,0,0,0,0,0,0,0,0,0,0,0,0,0,0,0,0,"NA",,20496,11287,9209,390,209,181,0,0,0,20106,11078,9028,770,457,313,"Education bag kit, recreation kits and science teaching kit",,150,119,31,28,18,10,0,0,0,122,101,21,"Mentorship training was conducted to nurture and provide support to the teachers on knowledge, skills, values which is necessary to make positive and lasting impact on OOSC and overage learners.",,303,232,71,8,3,5,0,0,0,295,229,66,Meeting with  BOMs from all target schools to review their scope and mandate and help the school management in daily running of activities in school.,,0,0,0,"NA",,105,0,105,0,0,0,0,0,0,105,0,105,0,0,0,"Mothers/girls forums conducted in target schools creating a platform where girls and mothers meet and discuss childrens righs, girls attendance in school and pyschosocial support."
Turkana March,4236,2337,1899,4236,2337,1899,0,0,0,0,0,0,1,1,0,Enrolment drives to bring OOSC back to schools,,0,0,0,0,0,0,0,0,0,0,0,0,0,0,0,0,0,0,0,"NA",,49281,29669,19612,3598,1983,1615,0,0,0,45683,27686,17997,0,0,0,"Learners were issued with learning kit comprising of pencil,pens,exercise books, shapener,erase",,570,345,225,518,299,219,0,0,0,52,46,6,"To improve the capacity of school communities (education officials, BoM, teachers, guidance and counselling teachers, chiefs, village administrator and community leaders) on community service learning and learners on experiential learning activities, they were sensitized on community service learning.
Capacity Development on social innovation approach towards Science and Engineering Fair",,0,0,0,0,0,0,0,0,0,0,0,0,"NA",,0,0,0,"NA",,27653,17722,9931,2827,1492,1335,0,0,0,24826,16230,8596,0,0,0,"Learners in in schools were targetted with mental health and psychosocial support session through life skills sessions to improve their wellbeing at individual, school and community level.
This is achieved through life skills lessons in classrooms as part of school timetabled subjects. WIK also has mentorship sessions for girls
FilmAid Kenya conducted a media boot camp from 1st February to 16th February in Kakuma Town, targeting the host community at Faith Home Church. The participants were taught critical thinking and problem-solving tactics that they can employ in their newly gained skill set. The sessions were conducted on Monday to Thursday from 2:00 pm to 4:00 pm and were open to 14-year-olds to 19-year-olds.

"
Turkana April,5774,2955,2819,5750,2940,2810,0,0,0,24,15,9,500,220,280,"Conducted two radio talks shows and 7 radio spot messages 
Enrolment drive campaigns at school level towards improved re-enrolment of OOSC

",,0,0,0,0,0,0,0,0,0,0,0,0,0,0,0,0,0,0,0,"NA",,0,0,0,0,0,0,0,0,0,0,0,0,0,0,0,"NA",,265,55,210,46,10,36,0,0,0,219,45,174,"Mentorship session on career shadowing. 5 types of careers covered  (Medicine, Architecture, Education, Journalism, and Law)
BLP refresher training 
Secondary school teachers in have been trained on Mentorship, Mental Health and Psychosocial support
",,47,44,3,47,44,3,0,0,0,0,0,0,Teachers have been supported to monitor daily attendance and school enrolment drives committees for the identification and enrolment of the out of school children using physical forms and UNICEF online tools. BoMs have also been supported to implement school-based strategy and sustainability plan.,,0,0,0,"NA",,1470,734,736,1470,734,736,0,0,0,0,0,0,0,0,0,"Vulnerable primary school learners were targeted with with child protection services including psychosocial support and sensitization on detrimental cultural practices, childrenâ€™s right and mentorship on life-skills."
Turkana May,857,450,407,857,450,407,0,0,0,0,0,0,0,0,0,"NA",,0,0,0,0,0,0,0,0,0,0,0,0,0,0,0,0,0,0,0,"NA",,0,0,0,0,0,0,0,0,0,0,0,0,0,0,0,"NA",,0,0,0,0,0,0,0,0,0,0,0,0,"NA",,0,0,0,0,0,0,0,0,0,0,0,0,"NA",,0,0,0,"NA",,0,0,0,0,0,0,0,0,0,0,0,0,0,0,0,"NA"
Turkana June,0,0,0,0,0,0,0,0,0,0,0,0,0,0,0,"NA",,0,0,0,0,0,0,0,0,0,0,0,0,0,0,0,0,0,0,0,"NA",,0,0,0,0,0,0,0,0,0,0,0,0,0,0,0,"NA",,0,0,0,0,0,0,0,0,0,0,0,0,"NA",,0,0,0,0,0,0,0,0,0,0,0,0,"NA",,0,0,0,"NA",,720,400,320,720,400,320,0,0,0,0,0,0,0,0,0,"NA"
Turkana July,451,241,210,451,241,210,0,0,0,0,0,0,0,0,0,Identification and enrollment of OOSC,,17804,10224,7580,0,0,0,0,0,0,17804,10224,7580,0,0,0,0,0,0,0,schools were supported with teaching and learning materials.,,0,0,0,0,0,0,0,0,0,0,0,0,0,0,0,"NA",,22,22,0,0,0,0,0,0,0,22,22,0,"ECE teachers trained on CBC, basic counselling skills, mental health and pyschosocial supoort.",,80,33,47,0,0,0,0,0,0,80,33,47,"BOMs trained on resource mobilization, accountability,  mental health and PSS",,0,0,0,"NA",,0,0,0,0,0,0,0,0,0,0,0,0,0,0,0,"NA"
Wajir Total,1009,599,410,1009,599,410,0,0,0,0,0,0,0,0,0,NA,,0,0,0,0,0,0,0,0,0,0,0,0,0,0,0,0,0,0,0,NA,,0,0,0,0,0,0,0,0,0,0,0,0,0,0,0,NA,,0,0,0,0,0,0,0,0,0,0,0,0,NA,,25,22,3,25,22,3,0,0,0,0,0,0,NA,,0,0,0,NA,,3140,1784,1356,3140,1784,1356,0,0,0,0,0,0,0,0,0,NA
Wajir January,0,0,0,0,0,0,0,0,0,0,0,0,0,0,0,"NA",,0,0,0,0,0,0,0,0,0,0,0,0,0,0,0,0,0,0,0,"NA",,0,0,0,0,0,0,0,0,0,0,0,0,0,0,0,"NA",,0,0,0,0,0,0,0,0,0,0,0,0,"NA",,0,0,0,0,0,0,0,0,0,0,0,0,"NA",,0,0,0,"NA",,0,0,0,0,0,0,0,0,0,0,0,0,0,0,0,"NA"
Wajir February,0,0,0,0,0,0,0,0,0,0,0,0,0,0,0,"NA",,0,0,0,0,0,0,0,0,0,0,0,0,0,0,0,0,0,0,0,"NA",,0,0,0,0,0,0,0,0,0,0,0,0,0,0,0,"NA",,0,0,0,0,0,0,0,0,0,0,0,0,"NA",,0,0,0,0,0,0,0,0,0,0,0,0,"NA",,0,0,0,"NA",,0,0,0,0,0,0,0,0,0,0,0,0,0,0,0,"NA"
Wajir March,361,208,153,361,208,153,0,0,0,0,0,0,0,0,0,CDE Wajir with support from UNICEF conducted 2 enrolment campaigns to enrol a total of 361 children in 20 target schools.,,0,0,0,0,0,0,0,0,0,0,0,0,0,0,0,0,0,0,0,"NA",,0,0,0,0,0,0,0,0,0,0,0,0,0,0,0,"NA",,0,0,0,0,0,0,0,0,0,0,0,0,"NA",,0,0,0,0,0,0,0,0,0,0,0,0,"NA",,0,0,0,"NA",,0,0,0,0,0,0,0,0,0,0,0,0,0,0,0,"NA"
Wajir April,0,0,0,0,0,0,0,0,0,0,0,0,0,0,0,"NA",,0,0,0,0,0,0,0,0,0,0,0,0,0,0,0,0,0,0,0,"NA",,0,0,0,0,0,0,0,0,0,0,0,0,0,0,0,"NA",,0,0,0,0,0,0,0,0,0,0,0,0,"NA",,0,0,0,0,0,0,0,0,0,0,0,0,"NA",,0,0,0,"NA",,0,0,0,0,0,0,0,0,0,0,0,0,0,0,0,"NA"
Wajir May,326,210,116,326,210,116,0,0,0,0,0,0,0,0,0,CDE Wajir with support from UNICEF conducted 2 enrolment campaigns to enrol a total of 361 children in 50 target schools.,,0,0,0,0,0,0,0,0,0,0,0,0,0,0,0,0,0,0,0,"NA",,0,0,0,0,0,0,0,0,0,0,0,0,0,0,0,"NA",,0,0,0,0,0,0,0,0,0,0,0,0,"NA",,0,0,0,0,0,0,0,0,0,0,0,0,"NA",,0,0,0,"NA",,190,114,76,190,114,76,0,0,0,0,0,0,0,0,0,"Save the Children International (SCI) supported teachers to provide mental health and psychosocial services to a total of 190 (114 boys, 76 girls) in 5 primary schools"
Wajir June,322,181,141,322,181,141,0,0,0,0,0,0,0,0,0,"Save the Children  with support from UNICEF conducted enrolment drives and moblized and enrolled 322 (181 boys, 141 girls) in the 6 sub-counties .",,0,0,0,0,0,0,0,0,0,0,0,0,0,0,0,0,0,0,0,"NA",,0,0,0,0,0,0,0,0,0,0,0,0,0,0,0,"NA",,0,0,0,0,0,0,0,0,0,0,0,0,"NA",,0,0,0,0,0,0,0,0,0,0,0,0,"NA",,0,0,0,"NA",,421,293,128,421,293,128,0,0,0,0,0,0,0,0,0,"421 (293 boys, 128 girls) have benefited from the schoolâ€™s monthly mentorship session"
Wajir July,0,0,0,0,0,0,0,0,0,0,0,0,0,0,0,"NA",,0,0,0,0,0,0,0,0,0,0,0,0,0,0,0,0,0,0,0,"NA",,0,0,0,0,0,0,0,0,0,0,0,0,0,0,0,"NA",,0,0,0,0,0,0,0,0,0,0,0,0,"NA",,25,22,3,25,22,3,0,0,0,0,0,0,25  tteachers from Buna and Elas sub counties in wajir were trained on MHPSS and child protection activties,,0,0,0,"NA",,2529,1377,1152,2529,1377,1152,0,0,0,0,0,0,0,0,0,a total of 2529  Learners were  provided with mentorship to support retention
West Pokot Total,11478,5699,5779,11478,5699,5779,0,0,0,0,0,0,250,110,140,NA,,0,0,0,0,0,0,0,0,0,0,0,0,0,0,0,0,0,0,0,NA,,0,0,0,0,0,0,0,0,0,0,0,0,0,0,0,NA,,90,44,46,90,44,46,0,0,0,0,0,0,NA,,45,37,8,45,37,8,0,0,0,0,0,0,NA,,0,0,0,NA,,0,0,0,0,0,0,0,0,0,0,0,0,0,0,0,NA
West Pokot January,280,149,131,280,149,131,0,0,0,0,0,0,0,0,0,"NA",,0,0,0,0,0,0,0,0,0,0,0,0,0,0,0,0,0,0,0,"NA",,0,0,0,0,0,0,0,0,0,0,0,0,0,0,0,"NA",,29,10,19,29,10,19,0,0,0,0,0,0,"NA",,0,0,0,0,0,0,0,0,0,0,0,0,"NA",,0,0,0,"NA",,0,0,0,0,0,0,0,0,0,0,0,0,0,0,0,"NA"
West Pokot February,0,0,0,0,0,0,0,0,0,0,0,0,0,0,0,"NA",,0,0,0,0,0,0,0,0,0,0,0,0,0,0,0,0,0,0,0,"NA",,0,0,0,0,0,0,0,0,0,0,0,0,0,0,0,"NA",,0,0,0,0,0,0,0,0,0,0,0,0,"NA",,0,0,0,0,0,0,0,0,0,0,0,0,"NA",,0,0,0,"NA",,0,0,0,0,0,0,0,0,0,0,0,0,0,0,0,"NA"
West Pokot March,1769,901,868,1769,901,868,0,0,0,0,0,0,0,0,0,"Rigorous school and community based OOSC enrolment drives were conducted through child-to-child, door-to-door approaches, and public gatherings (barazas).",,0,0,0,0,0,0,0,0,0,0,0,0,0,0,0,0,0,0,0,"NA",,0,0,0,0,0,0,0,0,0,0,0,0,0,0,0,"NA",,0,0,0,0,0,0,0,0,0,0,0,0,"NA",,45,37,8,45,37,8,0,0,0,0,0,0,School Board Of Management (BOM) members from OOSC project schools were trained on leadership and development of the School Improvement Plan (SIP).,,0,0,0,"NA",,0,0,0,0,0,0,0,0,0,0,0,0,0,0,0,"NA"
West Pokot April,2875,1470,1405,2875,1470,1405,0,0,0,0,0,0,250,110,140,Enrolment drive campaigns at school level towards improved re-enrolment of OOSC,,0,0,0,0,0,0,0,0,0,0,0,0,0,0,0,0,0,0,0,"NA",,0,0,0,0,0,0,0,0,0,0,0,0,0,0,0,"NA",,29,10,19,29,10,19,0,0,0,0,0,0,"Secondary school teachers in have been trained on Mentorship, Mental Health and Psychosocial support",,0,0,0,0,0,0,0,0,0,0,0,0,"NA",,0,0,0,"NA",,0,0,0,0,0,0,0,0,0,0,0,0,0,0,0,"NA"
West Pokot May,44,28,16,44,28,16,0,0,0,0,0,0,0,0,0,"NA",,0,0,0,0,0,0,0,0,0,0,0,0,0,0,0,0,0,0,0,"NA",,0,0,0,0,0,0,0,0,0,0,0,0,0,0,0,"NA",,0,0,0,0,0,0,0,0,0,0,0,0,"NA",,0,0,0,0,0,0,0,0,0,0,0,0,"NA",,0,0,0,"NA",,0,0,0,0,0,0,0,0,0,0,0,0,0,0,0,"NA"
West Pokot June,1223,559,664,1223,559,664,0,0,0,0,0,0,0,0,0,"NA",,0,0,0,0,0,0,0,0,0,0,0,0,0,0,0,0,0,0,0,"NA",,0,0,0,0,0,0,0,0,0,0,0,0,0,0,0,"NA",,0,0,0,0,0,0,0,0,0,0,0,0,"NA",,0,0,0,0,0,0,0,0,0,0,0,0,"NA",,0,0,0,"NA",,0,0,0,0,0,0,0,0,0,0,0,0,0,0,0,"NA"
West Pokot July,5287,2592,2695,5287,2592,2695,0,0,0,0,0,0,0,0,0,Enrolment drive campaigns at school level towards improved enrolment of OOSC,,0,0,0,0,0,0,0,0,0,0,0,0,0,0,0,0,0,0,0,"NA",,0,0,0,0,0,0,0,0,0,0,0,0,0,0,0,"NA",,32,24,8,32,24,8,0,0,0,0,0,0,"Headteachers,guidnace and counseling teachers trained on mentorship, mental healthand osychosocial support (MPHSS) and child protection",,0,0,0,0,0,0,0,0,0,0,0,0,"NA",,0,0,0,"NA",,0,0,0,0,0,0,0,0,0,0,0,0,0,0,0,"NA"
