county,month,indicator1_host_community_boys,indicator1_host_community_girls,indicator1_idps_boys,indicator1_idps_girls,indicator1_refugees_boys,indicator1_refugees_girls,indicator1_cwd_boys,indicator1_cwd_girls,indicator1_narrative,indicator2_host_community_boys,indicator2_host_community_girls,indicator2_idps_boys,indicator2_idps_girls,indicator2_refugees_boys,indicator2_refugees_girls,indicator2_cwd_boys,indicator2_cwd_girls,indicator2_new_latrines,indicator2_rehabiltated_latrines,indicator2_new_classrooms,indicator2_rehabilitated_classrooms,indicator2_narrative,indicator3_host_community_boys,indicator3_host_community_girls,indicator3_idps_boys,indicator3_idps_girls,indicator3_refugees_boys,indicator3_refugees_girls,indicator3_cwd_boys,indicator3_cwd_girls,indicator3_narrative,indicator4_host_community_male,indicator4_host_community_female,indicator4_idps_male,indicator4_idps_female,indicator4_refugees_male,indicator4_refugees_female,indicator4_narrative,indicator5_host_community_male,indicator5_host_community_female,indicator5_idps_male,indicator5_idps_female,indicator5_refugees_male,indicator5_refugees_female,indicator5_narrative,indicator6_male,indicator6_female,indicator6_narrative,indicator7_host_community_boys,indicator7_host_community_girls,indicator7_idps_boys,indicator7_idps_girls,indicator7_refugees_boys,indicator7_refugees_girls,indicator7_cwd_boys,indicator7_cwd_girls,indicator7_narrative
Baringo,January,97,66,0,0,0,0,0,0,,0,0,0,0,0,0,0,0,0,0,0,0,,0,0,0,0,0,0,0,0,,0,0,0,0,0,0,,105,28,0,0,0,0,,0,0,,0,0,0,0,0,0,0,0,
Baringo,February,0,0,0,0,0,0,0,0,,0,0,0,0,0,0,0,0,0,0,0,0,,0,0,0,0,0,0,0,0,,0,0,0,0,0,0,,0,0,0,0,0,0,,0,0,,0,0,0,0,0,0,0,0,
Baringo,March,136,181,0,0,0,0,0,0,,0,0,0,0,0,0,0,0,0,0,0,0,,0,0,0,0,0,0,0,0,,11,9,0,0,0,0,,714,665,0,0,0,0,,0,0,,0,0,0,0,0,0,0,0,
Baringo,April,157,97,0,0,0,0,0,0,,0,0,0,0,0,0,0,0,0,0,0,0,,0,0,0,0,0,0,0,0,,161,143,0,0,0,0,,23,24,0,0,0,0,,0,0,,0,0,0,0,0,0,0,0,
Baringo,May,0,0,0,0,0,0,0,0,,0,0,0,0,0,0,0,0,0,0,0,0,,0,0,0,0,0,0,0,0,,0,0,0,0,0,0,,0,0,0,0,0,0,,0,0,,0,0,0,0,0,0,0,0,
Baringo,June,36,47,0,0,0,0,0,0,,0,0,0,0,0,0,0,0,0,0,0,0,,0,0,0,0,0,0,0,0,,0,0,0,0,0,0,,0,0,0,0,0,0,,0,0,,0,0,0,0,0,0,0,0,
Baringo,July,288,324,0,0,0,0,0,0,,0,0,0,0,0,0,0,0,0,0,0,0,,0,0,0,0,0,0,0,0,,0,0,0,0,0,0,,0,0,0,0,0,0,,3,2,,0,0,0,0,0,0,0,0,
Baringo,August,373,391,0,0,0,0,1,0,,0,0,0,0,0,0,0,0,0,0,0,0,,0,0,0,0,0,0,0,0,,6,44,0,0,0,0,,0,0,0,0,0,0,,0,0,,0,0,0,0,0,0,0,0,
Baringo,September,0,0,0,0,0,0,0,0,,0,0,0,0,0,0,0,0,0,0,0,0,,0,0,0,0,0,0,0,0,,0,0,0,0,0,0,,0,0,0,0,0,0,,0,0,,0,0,0,0,0,0,0,0,
Baringo,October,0,0,0,0,0,0,0,0,,0,0,0,0,0,0,0,0,0,0,0,0,,0,0,0,0,0,0,0,0,,0,0,0,0,0,0,,0,0,0,0,0,0,,0,0,,0,0,0,0,0,0,0,0,
Baringo,November,0,0,0,0,0,0,0,0,,0,0,0,0,0,0,0,0,0,0,0,0,,0,0,0,0,0,0,0,0,,0,0,0,0,0,0,,0,0,0,0,0,0,,0,0,,0,0,0,0,0,0,0,0,
Baringo,December,0,0,0,0,0,0,0,0,,0,0,0,0,0,0,0,0,0,0,0,0,,0,0,0,0,0,0,0,0,,0,0,0,0,0,0,,0,0,0,0,0,0,,0,0,,0,0,0,0,0,0,0,0,
Bungoma,January,0,0,0,0,0,0,0,0,,0,0,0,0,0,0,0,0,0,0,0,0,,0,0,0,0,0,0,0,0,,0,0,0,0,0,0,,0,0,0,0,0,0,,0,0,,0,0,0,0,0,0,0,0,
Bungoma,February,0,0,0,0,0,0,0,0,,0,0,0,0,0,0,0,0,0,0,0,0,,0,0,0,0,0,0,0,0,,0,0,0,0,0,0,,0,0,0,0,0,0,,0,0,,0,0,0,0,0,0,0,0,
Bungoma,March,0,0,0,0,0,0,0,0,,0,0,0,0,0,0,0,0,0,0,0,0,,0,0,0,0,0,0,0,0,,0,0,0,0,0,0,,0,0,0,0,0,0,,0,0,,0,0,0,0,0,0,0,0,
Bungoma,April,0,0,0,0,0,0,0,0,,0,0,0,0,0,0,0,0,0,0,0,0,,0,0,0,0,0,0,0,0,,0,0,0,0,0,0,,0,0,0,0,0,0,,0,0,,0,0,0,0,0,0,0,0,
Bungoma,May,0,0,0,0,0,0,0,0,,0,0,0,0,0,0,0,0,0,0,0,0,,0,0,0,0,0,0,0,0,,0,0,0,0,0,0,,0,0,0,0,0,0,,0,0,,0,0,0,0,0,0,0,0,
Bungoma,June,0,0,0,0,0,0,0,0,,0,0,0,0,0,0,0,0,0,0,0,0,,0,0,0,0,0,0,0,0,,0,0,0,0,0,0,,0,0,0,0,0,0,,0,0,,0,0,0,0,0,0,0,0,
Bungoma,July,0,0,0,0,0,0,0,0,,0,0,0,0,0,0,0,0,0,0,0,0,,0,0,0,0,0,0,0,0,,0,0,0,0,0,0,,0,0,0,0,0,0,,0,0,,0,0,0,0,0,0,0,0,
Bungoma,August,0,0,0,0,0,0,0,0,,0,0,0,0,0,0,0,0,0,0,0,0,,0,0,0,0,0,0,0,0,,0,0,0,0,0,0,,0,0,0,0,0,0,,0,0,,0,0,0,0,0,0,0,0,
Bungoma,September,0,0,0,0,0,0,0,0,,0,0,0,0,0,0,0,0,0,0,0,0,,0,0,0,0,0,0,0,0,,0,0,0,0,0,0,,0,0,0,0,0,0,,0,0,,0,0,0,0,0,0,0,0,
Bungoma,October,0,0,0,0,0,0,0,0,,0,0,0,0,0,0,0,0,0,0,0,0,,0,0,0,0,0,0,0,0,,0,0,0,0,0,0,,0,0,0,0,0,0,,0,0,,0,0,0,0,0,0,0,0,
Bungoma,November,0,0,0,0,0,0,0,0,,0,0,0,0,0,0,0,0,0,0,0,0,,0,0,0,0,0,0,0,0,,0,0,0,0,0,0,,0,0,0,0,0,0,,0,0,,0,0,0,0,0,0,0,0,
Bungoma,December,0,0,0,0,0,0,0,0,,0,0,0,0,0,0,0,0,0,0,0,0,,0,0,0,0,0,0,0,0,,0,0,0,0,0,0,,0,0,0,0,0,0,,0,0,,0,0,0,0,0,0,0,0,
Embu,January,0,0,0,0,0,0,0,0,,0,0,0,0,0,0,0,0,0,0,0,0,,0,0,0,0,0,0,0,0,,0,0,0,0,0,0,,0,0,0,0,0,0,,0,0,,0,0,0,0,0,0,0,0,
Embu,February,0,0,0,0,0,0,0,0,,0,0,0,0,0,0,0,0,0,0,0,0,,0,0,0,0,0,0,0,0,,0,0,0,0,0,0,,0,0,0,0,0,0,,0,0,,0,0,0,0,0,0,0,0,
Embu,March,0,0,0,0,0,0,0,0,,0,0,0,0,0,0,0,0,0,0,0,0,,0,0,0,0,0,0,0,0,,0,0,0,0,0,0,,0,0,0,0,0,0,,0,0,,0,0,0,0,0,0,0,0,
Embu,April,0,0,0,0,0,0,0,0,,0,0,0,0,0,0,0,0,0,0,0,0,,0,0,0,0,0,0,0,0,,0,0,0,0,0,0,,0,0,0,0,0,0,,0,0,,0,0,0,0,0,0,0,0,
Embu,May,0,0,0,0,0,0,0,0,,0,0,0,0,0,0,0,0,0,0,0,0,,0,0,0,0,0,0,0,0,,0,0,0,0,0,0,,0,0,0,0,0,0,,0,0,,0,0,0,0,0,0,0,0,
Embu,June,0,0,0,0,0,0,0,0,,0,0,0,0,0,0,0,0,0,0,0,0,,0,0,0,0,0,0,0,0,,0,0,0,0,0,0,,0,0,0,0,0,0,,0,0,,0,0,0,0,0,0,0,0,
Embu,July,0,0,0,0,0,0,0,0,,0,0,0,0,0,0,0,0,0,0,0,0,,0,0,0,0,0,0,0,0,,0,0,0,0,0,0,,0,0,0,0,0,0,,0,0,,0,0,0,0,0,0,0,0,
Embu,August,0,0,0,0,0,0,0,0,,0,0,0,0,0,0,0,0,0,0,0,0,,0,0,0,0,0,0,0,0,,0,0,0,0,0,0,,0,0,0,0,0,0,,0,0,,0,0,0,0,0,0,0,0,
Embu,September,0,0,0,0,0,0,0,0,,0,0,0,0,0,0,0,0,0,0,0,0,,0,0,0,0,0,0,0,0,,0,0,0,0,0,0,,0,0,0,0,0,0,,0,0,,0,0,0,0,0,0,0,0,
Embu,October,0,0,0,0,0,0,0,0,,0,0,0,0,0,0,0,0,0,0,0,0,,0,0,0,0,0,0,0,0,,0,0,0,0,0,0,,0,0,0,0,0,0,,0,0,,0,0,0,0,0,0,0,0,
Embu,November,0,0,0,0,0,0,0,0,,0,0,0,0,0,0,0,0,0,0,0,0,,0,0,0,0,0,0,0,0,,0,0,0,0,0,0,,0,0,0,0,0,0,,0,0,,0,0,0,0,0,0,0,0,
Embu,December,0,0,0,0,0,0,0,0,,0,0,0,0,0,0,0,0,0,0,0,0,,0,0,0,0,0,0,0,0,,0,0,0,0,0,0,,0,0,0,0,0,0,,0,0,,0,0,0,0,0,0,0,0,
Garissa,January,0,0,0,0,0,0,0,0,,0,0,0,0,0,0,0,0,0,0,0,0,,0,0,0,0,0,0,0,0,,0,0,0,0,0,0,,106,82,0,0,0,0,,0,0,,0,0,0,0,0,0,0,0,
Garissa,February,575,667,0,0,0,0,0,0,,0,0,0,0,0,0,0,0,0,0,0,0,,0,0,0,0,0,0,0,0,,0,0,0,0,0,0,,0,0,0,0,0,0,,0,0,,0,0,0,0,0,0,0,0,
Garissa,March,0,0,0,0,0,0,0,0,,0,0,0,0,0,0,0,0,0,0,0,0,,0,0,0,0,0,0,0,0,,0,0,0,0,0,0,,0,0,0,0,0,0,,0,0,,0,0,0,0,0,0,0,0,
Garissa,April,0,0,0,0,0,0,0,0,,0,0,0,0,0,0,0,0,0,0,0,0,,0,0,0,0,0,0,0,0,,0,0,0,0,0,0,,0,0,0,0,0,0,,0,0,,0,0,0,0,0,0,0,0,
Garissa,May,0,0,0,0,0,0,0,0,,0,0,0,0,0,0,0,0,0,0,0,0,,0,0,0,0,0,0,0,0,,0,0,0,0,0,0,,0,0,0,0,0,0,,0,0,,0,0,0,0,0,0,0,0,
Garissa,June,802,739,0,0,0,0,0,0,,0,0,0,0,0,0,0,0,0,0,0,0,,0,0,0,0,0,0,0,0,,0,0,0,0,0,0,,44,12,0,0,0,0,,0,0,,0,0,0,0,0,0,0,0,
Garissa,July,0,0,0,0,0,0,0,0,,0,0,0,0,0,0,0,0,0,0,0,0,,0,0,0,0,0,0,0,0,,0,0,0,0,0,0,,0,0,0,0,0,0,,0,0,,0,0,0,0,0,0,0,0,
Garissa,August,0,0,0,0,0,0,0,0,,0,0,0,0,0,0,0,0,0,0,0,0,,0,0,0,0,0,0,0,0,,0,0,0,0,0,0,,0,0,0,0,0,0,,0,0,,0,0,0,0,0,0,0,0,
Garissa,September,0,0,0,0,0,0,0,0,,0,0,0,0,0,0,0,0,0,0,0,0,,0,0,0,0,0,0,0,0,,0,0,0,0,0,0,,0,0,0,0,0,0,,0,0,,0,0,0,0,0,0,0,0,
Garissa,October,0,0,0,0,0,0,0,0,,0,0,0,0,0,0,0,0,0,0,0,0,,0,0,0,0,0,0,0,0,,0,0,0,0,0,0,,0,0,0,0,0,0,,0,0,,0,0,0,0,0,0,0,0,
Garissa,November,0,0,0,0,0,0,0,0,,0,0,0,0,0,0,0,0,0,0,0,0,,0,0,0,0,0,0,0,0,,0,0,0,0,0,0,,0,0,0,0,0,0,,0,0,,0,0,0,0,0,0,0,0,
Garissa,December,0,0,0,0,0,0,0,0,,0,0,0,0,0,0,0,0,0,0,0,0,,0,0,0,0,0,0,0,0,,0,0,0,0,0,0,,0,0,0,0,0,0,,0,0,,0,0,0,0,0,0,0,0,
Homa Bay,January,0,0,0,0,0,0,0,0,,0,0,0,0,0,0,0,0,0,0,0,0,,0,0,0,0,0,0,0,0,,0,0,0,0,0,0,,0,0,0,0,0,0,,0,0,,0,0,0,0,0,0,0,0,
Homa Bay,February,0,0,0,0,0,0,0,0,,0,0,0,0,0,0,0,0,0,0,0,0,,0,0,0,0,0,0,0,0,,0,0,0,0,0,0,,0,0,0,0,0,0,,0,0,,0,0,0,0,0,0,0,0,
Homa Bay,March,0,0,0,0,0,0,0,0,,0,0,0,0,0,0,0,0,0,0,0,0,,0,0,0,0,0,0,0,0,,0,0,0,0,0,0,,0,0,0,0,0,0,,0,0,,0,0,0,0,0,0,0,0,
Homa Bay,April,0,0,0,0,0,0,0,0,,0,0,0,0,0,0,0,0,0,0,0,0,,0,0,0,0,0,0,0,0,,0,0,0,0,0,0,,0,0,0,0,0,0,,0,0,,0,0,0,0,0,0,0,0,
Homa Bay,May,0,0,0,0,0,0,0,0,,0,0,0,0,0,0,0,0,0,0,0,0,,0,0,0,0,0,0,0,0,,0,0,0,0,0,0,,0,0,0,0,0,0,,0,0,,0,0,0,0,0,0,0,0,
Homa Bay,June,0,0,0,0,0,0,0,0,,0,0,0,0,0,0,0,0,0,0,0,0,,0,0,0,0,0,0,0,0,,0,0,0,0,0,0,,0,0,0,0,0,0,,0,0,,0,0,0,0,0,0,0,0,
Homa Bay,July,0,0,0,0,0,0,0,0,,0,0,0,0,0,0,0,0,0,0,0,0,,0,0,0,0,0,0,0,0,,0,0,0,0,0,0,,0,0,0,0,0,0,,0,0,,0,0,0,0,0,0,0,0,
Homa Bay,August,0,0,0,0,0,0,0,0,,0,0,0,0,0,0,0,0,0,0,0,0,,0,0,0,0,0,0,0,0,,0,0,0,0,0,0,,0,0,0,0,0,0,,0,0,,0,0,0,0,0,0,0,0,
Homa Bay,September,0,0,0,0,0,0,0,0,,0,0,0,0,0,0,0,0,0,0,0,0,,0,0,0,0,0,0,0,0,,0,0,0,0,0,0,,0,0,0,0,0,0,,0,0,,0,0,0,0,0,0,0,0,
Homa Bay,October,0,0,0,0,0,0,0,0,,0,0,0,0,0,0,0,0,0,0,0,0,,0,0,0,0,0,0,0,0,,0,0,0,0,0,0,,0,0,0,0,0,0,,0,0,,0,0,0,0,0,0,0,0,
Homa Bay,November,0,0,0,0,0,0,0,0,,0,0,0,0,0,0,0,0,0,0,0,0,,0,0,0,0,0,0,0,0,,0,0,0,0,0,0,,0,0,0,0,0,0,,0,0,,0,0,0,0,0,0,0,0,
Homa Bay,December,0,0,0,0,0,0,0,0,,0,0,0,0,0,0,0,0,0,0,0,0,,0,0,0,0,0,0,0,0,,0,0,0,0,0,0,,0,0,0,0,0,0,,0,0,,0,0,0,0,0,0,0,0,
Isiolo,January,784,746,0,0,0,0,0,0,,0,0,0,0,0,0,0,0,0,0,0,0,,0,0,0,0,0,0,0,0,,0,0,0,0,0,0,,94,81,0,0,0,0,,0,0,,313,369,0,0,0,0,0,0,
Isiolo,February,101,57,0,0,0,0,0,0,,0,0,0,0,0,0,0,0,0,0,0,0,,0,0,0,0,0,0,0,0,,0,0,0,0,0,0,,0,0,0,0,0,0,,0,0,,0,0,0,0,0,0,0,0,
Isiolo,March,0,0,0,0,0,0,0,0,,0,0,0,0,0,0,0,0,0,0,0,0,,0,0,0,0,0,0,0,0,,0,0,0,0,0,0,,0,0,0,0,0,0,,0,0,,0,0,0,0,0,0,0,0,
Isiolo,April,0,0,0,0,0,0,0,0,,0,0,0,0,0,0,0,0,0,0,0,0,,0,0,0,0,0,0,0,0,,0,0,0,0,0,0,,0,0,0,0,0,0,,0,0,,0,0,0,0,0,0,0,0,
Isiolo,May,414,419,0,0,0,0,0,0,,0,0,0,0,0,0,0,0,0,0,0,0,,0,0,0,0,0,0,0,0,,28,43,0,0,0,0,,0,0,0,0,0,0,,0,0,,0,0,0,0,0,0,0,0,
Isiolo,June,283,278,0,0,0,0,0,0,,0,0,0,0,0,0,0,0,0,0,0,0,,0,0,0,0,0,0,0,0,,0,0,0,0,0,0,,0,0,0,0,0,0,,0,0,,0,0,0,0,0,0,0,0,
Isiolo,July,0,0,0,0,0,0,0,0,,0,0,0,0,0,0,0,0,0,0,0,0,,0,0,0,0,0,0,0,0,,0,0,0,0,0,0,,0,0,0,0,0,0,,0,0,,0,0,0,0,0,0,0,0,
Isiolo,August,0,0,0,0,0,0,0,0,,0,0,0,0,0,0,0,0,0,0,0,0,,0,0,0,0,0,0,0,0,,0,0,0,0,0,0,,74,17,0,0,0,0,Training of 91 BOM done in oldonyiro.,0,0,,0,0,0,0,0,0,0,0,
Isiolo,September,0,0,0,0,0,0,0,0,,0,0,0,0,0,0,0,0,0,0,0,0,,0,0,0,0,0,0,0,0,,0,0,0,0,0,0,,0,0,0,0,0,0,,0,0,,0,0,0,0,0,0,0,0,
Isiolo,October,0,0,0,0,0,0,0,0,,0,0,0,0,0,0,0,0,0,0,0,0,,0,0,0,0,0,0,0,0,,0,0,0,0,0,0,,0,0,0,0,0,0,,0,0,,0,0,0,0,0,0,0,0,
Isiolo,November,0,0,0,0,0,0,0,0,,0,0,0,0,0,0,0,0,0,0,0,0,,0,0,0,0,0,0,0,0,,0,0,0,0,0,0,,0,0,0,0,0,0,,0,0,,0,0,0,0,0,0,0,0,
Isiolo,December,0,0,0,0,0,0,0,0,,0,0,0,0,0,0,0,0,0,0,0,0,,0,0,0,0,0,0,0,0,,0,0,0,0,0,0,,0,0,0,0,0,0,,0,0,,0,0,0,0,0,0,0,0,
Kajiado,January,0,0,0,0,0,0,0,0,,0,0,0,0,0,0,0,0,0,0,0,0,,0,0,0,0,0,0,0,0,,0,0,0,0,0,0,,0,0,0,0,0,0,,0,0,,0,0,0,0,0,0,0,0,
Kajiado,February,0,0,0,0,0,0,0,0,,0,0,0,0,0,0,0,0,0,0,0,0,,0,0,0,0,0,0,0,0,,0,0,0,0,0,0,,0,0,0,0,0,0,,0,0,,0,0,0,0,0,0,0,0,
Kajiado,March,560,534,0,0,0,0,0,0,,0,0,0,0,0,0,0,0,0,0,0,0,,0,0,0,0,0,0,0,0,,0,0,0,0,0,0,,27,56,0,0,0,0,,0,0,,1112,985,0,0,0,0,0,0,
Kajiado,April,0,0,0,0,0,0,0,0,,0,0,0,0,0,0,0,0,0,0,0,0,,0,0,0,0,0,0,0,0,,0,0,0,0,0,0,,0,0,0,0,0,0,,0,0,,0,0,0,0,0,0,0,0,
Kajiado,May,987,939,0,0,0,0,0,0,,0,0,0,0,0,0,0,0,0,0,0,0,,0,0,0,0,0,0,0,0,,0,0,0,0,0,0,,0,0,0,0,0,0,,0,0,,910,2378,0,0,0,0,0,0,
Kajiado,June,1254,1112,0,0,0,0,0,0,,0,0,0,0,0,0,0,0,0,0,0,0,,0,0,0,0,0,0,0,0,,0,0,0,0,0,0,,0,0,0,0,0,0,,0,0,,0,0,0,0,0,0,0,0,
Kajiado,July,227,954,0,0,0,0,0,0,,0,0,0,0,0,0,0,0,0,0,0,0,,0,0,0,0,0,0,0,0,,426,368,0,0,0,0,,0,0,0,0,0,0,,0,0,,0,0,0,0,0,0,0,0,
Kajiado,August,0,0,0,0,0,0,0,0,,0,0,0,0,0,0,0,0,0,0,0,0,,623,489,0,0,0,0,0,0,,0,0,0,0,0,0,,0,0,0,0,0,0,,0,0,,0,0,0,0,0,0,0,0,
Kajiado,September,0,0,0,0,0,0,0,0,,0,0,0,0,0,0,0,0,0,0,0,0,,0,0,0,0,0,0,0,0,,0,0,0,0,0,0,,0,0,0,0,0,0,,0,0,,0,0,0,0,0,0,0,0,
Kajiado,October,0,0,0,0,0,0,0,0,,0,0,0,0,0,0,0,0,0,0,0,0,,0,0,0,0,0,0,0,0,,0,0,0,0,0,0,,0,0,0,0,0,0,,0,0,,0,0,0,0,0,0,0,0,
Kajiado,November,0,0,0,0,0,0,0,0,,0,0,0,0,0,0,0,0,0,0,0,0,,0,0,0,0,0,0,0,0,,0,0,0,0,0,0,,0,0,0,0,0,0,,0,0,,0,0,0,0,0,0,0,0,
Kajiado,December,0,0,0,0,0,0,0,0,,0,0,0,0,0,0,0,0,0,0,0,0,,0,0,0,0,0,0,0,0,,0,0,0,0,0,0,,0,0,0,0,0,0,,0,0,,0,0,0,0,0,0,0,0,
Kilifi,January,0,0,0,0,0,0,0,0,,0,0,0,0,0,0,0,0,0,0,0,0,,0,0,0,0,0,0,0,0,,0,0,0,0,0,0,,0,0,0,0,0,0,,0,0,,0,0,0,0,0,0,0,0,
Kilifi,February,0,0,0,0,0,0,0,0,,0,0,0,0,0,0,0,0,0,0,0,0,,0,0,0,0,0,0,0,0,,0,0,0,0,0,0,,0,0,0,0,0,0,,0,0,,0,0,0,0,0,0,0,0,
Kilifi,March,400,357,0,0,0,0,0,0,,0,0,0,0,0,0,0,0,0,0,0,0,,0,0,0,0,0,0,0,0,,0,0,0,0,0,0,,32,32,0,0,0,0,,0,0,,160,628,0,0,0,0,0,0,
Kilifi,April,0,0,0,0,0,0,0,0,,0,0,0,0,0,0,0,0,0,0,0,0,,0,0,0,0,0,0,0,0,,0,0,0,0,0,0,,0,0,0,0,0,0,,0,0,,0,0,0,0,0,0,0,0,
Kilifi,May,52,37,0,0,0,0,0,0,,0,0,0,0,0,0,0,0,0,0,0,0,,0,0,0,0,0,0,0,0,,0,0,0,0,0,0,,0,0,0,0,0,0,,0,0,,52,37,0,0,0,0,0,0,
Kilifi,June,2324,2233,0,0,0,0,0,0,,0,0,0,0,0,0,0,0,0,0,0,0,,0,0,0,0,0,0,0,0,,0,0,0,0,0,0,,0,0,0,0,0,0,,0,0,,92,207,0,0,0,0,0,0,
Kilifi,July,226,340,0,0,0,0,0,0,,0,0,0,0,0,0,0,0,0,0,0,0,,0,0,0,0,0,0,0,0,,21,19,0,0,0,0,,0,0,0,0,0,0,,0,0,,0,0,0,0,0,0,0,0,
Kilifi,August,480,451,0,0,0,0,0,0,,0,0,0,0,0,0,0,0,0,0,0,0,,992,994,0,0,0,0,0,0,,0,0,0,0,0,0,,0,0,0,0,0,0,,0,0,,988,1273,0,0,0,0,0,0,
Kilifi,September,0,0,0,0,0,0,0,0,,0,0,0,0,0,0,0,0,0,0,0,0,,0,0,0,0,0,0,0,0,,0,0,0,0,0,0,,0,0,0,0,0,0,,0,0,,0,0,0,0,0,0,0,0,
Kilifi,October,0,0,0,0,0,0,0,0,,0,0,0,0,0,0,0,0,0,0,0,0,,0,0,0,0,0,0,0,0,,0,0,0,0,0,0,,0,0,0,0,0,0,,0,0,,0,0,0,0,0,0,0,0,
Kilifi,November,0,0,0,0,0,0,0,0,,0,0,0,0,0,0,0,0,0,0,0,0,,0,0,0,0,0,0,0,0,,0,0,0,0,0,0,,0,0,0,0,0,0,,0,0,,0,0,0,0,0,0,0,0,
Kilifi,December,0,0,0,0,0,0,0,0,,0,0,0,0,0,0,0,0,0,0,0,0,,0,0,0,0,0,0,0,0,,0,0,0,0,0,0,,0,0,0,0,0,0,,0,0,,0,0,0,0,0,0,0,0,
Kisumu,January,0,0,0,0,0,0,0,0,,0,0,0,0,0,0,0,0,0,0,0,0,,0,0,0,0,0,0,0,0,,0,0,0,0,0,0,,0,0,0,0,0,0,,0,0,,0,0,0,0,0,0,0,0,
Kisumu,February,0,0,0,0,0,0,0,0,,0,0,0,0,0,0,0,0,0,0,0,0,,0,0,0,0,0,0,0,0,,0,0,0,0,0,0,,0,0,0,0,0,0,,0,0,,0,0,0,0,0,0,0,0,
Kisumu,March,0,0,0,0,0,0,0,0,,0,0,0,0,0,0,0,0,0,0,0,0,,0,0,0,0,0,0,0,0,,0,0,0,0,0,0,,0,0,0,0,0,0,,0,0,,0,0,0,0,0,0,0,0,
Kisumu,April,0,0,0,0,0,0,0,0,,0,0,0,0,0,0,0,0,0,0,0,0,,0,0,0,0,0,0,0,0,,0,0,0,0,0,0,,0,0,0,0,0,0,,0,0,,0,0,0,0,0,0,0,0,
Kisumu,May,0,0,0,0,0,0,0,0,,0,0,0,0,0,0,0,0,0,0,0,0,,0,0,0,0,0,0,0,0,,0,0,0,0,0,0,,0,0,0,0,0,0,,0,0,,0,0,0,0,0,0,0,0,
Kisumu,June,0,0,0,0,0,0,0,0,,0,0,0,0,0,0,0,0,0,0,0,0,,0,0,0,0,0,0,0,0,,0,0,0,0,0,0,,0,0,0,0,0,0,,0,0,,0,0,0,0,0,0,0,0,
Kisumu,July,0,0,0,0,0,0,0,0,,0,0,0,0,0,0,0,0,0,0,0,0,,0,0,0,0,0,0,0,0,,0,0,0,0,0,0,,0,0,0,0,0,0,,0,0,,0,0,0,0,0,0,0,0,
Kisumu,August,0,0,0,0,0,0,0,0,,0,0,0,0,0,0,0,0,0,0,0,0,,0,0,0,0,0,0,0,0,,0,0,0,0,0,0,,0,0,0,0,0,0,,0,0,,0,0,0,0,0,0,0,0,
Kisumu,September,0,0,0,0,0,0,0,0,,0,0,0,0,0,0,0,0,0,0,0,0,,0,0,0,0,0,0,0,0,,0,0,0,0,0,0,,0,0,0,0,0,0,,0,0,,0,0,0,0,0,0,0,0,
Kisumu,October,0,0,0,0,0,0,0,0,,0,0,0,0,0,0,0,0,0,0,0,0,,0,0,0,0,0,0,0,0,,0,0,0,0,0,0,,0,0,0,0,0,0,,0,0,,0,0,0,0,0,0,0,0,
Kisumu,November,0,0,0,0,0,0,0,0,,0,0,0,0,0,0,0,0,0,0,0,0,,0,0,0,0,0,0,0,0,,0,0,0,0,0,0,,0,0,0,0,0,0,,0,0,,0,0,0,0,0,0,0,0,
Kisumu,December,0,0,0,0,0,0,0,0,,0,0,0,0,0,0,0,0,0,0,0,0,,0,0,0,0,0,0,0,0,,0,0,0,0,0,0,,0,0,0,0,0,0,,0,0,,0,0,0,0,0,0,0,0,
Kitui,January,0,0,0,0,0,0,0,0,,0,0,0,0,0,0,0,0,0,0,0,0,,0,0,0,0,0,0,0,0,,0,0,0,0,0,0,,0,0,0,0,0,0,,0,0,,0,0,0,0,0,0,0,0,
Kitui,February,0,0,0,0,0,0,0,0,,0,0,0,0,0,0,0,0,0,0,0,0,,0,0,0,0,0,0,0,0,,0,0,0,0,0,0,,0,0,0,0,0,0,,0,0,,0,0,0,0,0,0,0,0,
Kitui,March,0,0,0,0,0,0,0,0,,0,0,0,0,0,0,0,0,0,0,0,0,,0,0,0,0,0,0,0,0,,0,0,0,0,0,0,,0,0,0,0,0,0,,0,0,,0,0,0,0,0,0,0,0,
Kitui,April,0,0,0,0,0,0,0,0,,0,0,0,0,0,0,0,0,0,0,0,0,,0,0,0,0,0,0,0,0,,0,0,0,0,0,0,,0,0,0,0,0,0,,0,0,,0,0,0,0,0,0,0,0,
Kitui,May,0,0,0,0,0,0,0,0,,0,0,0,0,0,0,0,0,0,0,0,0,,0,0,0,0,0,0,0,0,,0,0,0,0,0,0,,0,0,0,0,0,0,,0,0,,0,0,0,0,0,0,0,0,
Kitui,June,0,0,0,0,0,0,0,0,,0,0,0,0,0,0,0,0,0,0,0,0,,0,0,0,0,0,0,0,0,,0,0,0,0,0,0,,0,0,0,0,0,0,,0,0,,0,0,0,0,0,0,0,0,
Kitui,July,0,0,0,0,0,0,0,0,,0,0,0,0,0,0,0,0,0,0,0,0,,0,0,0,0,0,0,0,0,,0,0,0,0,0,0,,0,0,0,0,0,0,,0,0,,0,0,0,0,0,0,0,0,
Kitui,August,0,0,0,0,0,0,0,0,,0,0,0,0,0,0,0,0,0,0,0,0,,0,0,0,0,0,0,0,0,,0,0,0,0,0,0,,0,0,0,0,0,0,,0,0,,0,0,0,0,0,0,0,0,
Kitui,September,0,0,0,0,0,0,0,0,,0,0,0,0,0,0,0,0,0,0,0,0,,0,0,0,0,0,0,0,0,,0,0,0,0,0,0,,0,0,0,0,0,0,,0,0,,0,0,0,0,0,0,0,0,
Kitui,October,0,0,0,0,0,0,0,0,,0,0,0,0,0,0,0,0,0,0,0,0,,0,0,0,0,0,0,0,0,,0,0,0,0,0,0,,0,0,0,0,0,0,,0,0,,0,0,0,0,0,0,0,0,
Kitui,November,0,0,0,0,0,0,0,0,,0,0,0,0,0,0,0,0,0,0,0,0,,0,0,0,0,0,0,0,0,,0,0,0,0,0,0,,0,0,0,0,0,0,,0,0,,0,0,0,0,0,0,0,0,
Kitui,December,0,0,0,0,0,0,0,0,,0,0,0,0,0,0,0,0,0,0,0,0,,0,0,0,0,0,0,0,0,,0,0,0,0,0,0,,0,0,0,0,0,0,,0,0,,0,0,0,0,0,0,0,0,
Kwale,January,0,0,0,0,0,0,0,0,,0,0,0,0,0,0,0,0,0,0,0,0,,0,0,0,0,0,0,0,0,,0,0,0,0,0,0,,0,0,0,0,0,0,,0,0,,0,0,0,0,0,0,0,0,
Kwale,February,0,0,0,0,0,0,0,0,,0,0,0,0,0,0,0,0,0,0,0,0,,0,0,0,0,0,0,0,0,,0,0,0,0,0,0,,0,0,0,0,0,0,,0,0,,0,0,0,0,0,0,0,0,
Kwale,March,200,242,0,0,0,0,0,0,,0,0,0,0,0,0,0,0,0,0,0,0,,0,0,0,0,0,0,0,0,,0,0,0,0,0,0,,0,0,0,0,0,0,,0,0,,1200,800,0,0,0,0,0,0,
Kwale,April,0,0,0,0,0,0,0,0,,0,0,0,0,0,0,0,0,0,0,0,0,,0,0,0,0,0,0,0,0,,0,0,0,0,0,0,,0,0,0,0,0,0,,0,0,,0,0,0,0,0,0,0,0,
Kwale,May,200,159,0,0,0,0,0,0,,0,0,0,0,0,0,0,0,0,0,0,0,,0,0,0,0,0,0,0,0,,0,0,0,0,0,0,,0,0,0,0,0,0,,0,0,,0,0,0,0,0,0,0,0,
Kwale,June,1913,1864,0,0,0,0,0,0,,0,0,0,0,0,0,0,0,0,0,0,0,,0,0,0,0,0,0,0,0,,0,0,0,0,0,0,,0,0,0,0,0,0,,0,0,,166,65,0,0,0,0,0,0,
Kwale,July,0,0,0,0,0,0,0,0,,0,0,0,0,0,0,0,0,0,0,0,0,,0,0,0,0,0,0,0,0,,22,22,0,0,0,0,,39,14,0,0,0,0,,0,0,,0,0,0,0,0,0,0,0,
Kwale,August,394,121,0,0,0,0,0,0,,0,0,0,0,0,0,0,0,0,0,0,0,,1063,1047,0,0,0,0,0,0,,0,0,0,0,0,0,,0,0,0,0,0,0,,0,0,,0,0,0,0,0,0,0,0,
Kwale,September,0,0,0,0,0,0,0,0,,0,0,0,0,0,0,0,0,0,0,0,0,,0,0,0,0,0,0,0,0,,0,0,0,0,0,0,,0,0,0,0,0,0,,0,0,,0,0,0,0,0,0,0,0,
Kwale,October,0,0,0,0,0,0,0,0,,0,0,0,0,0,0,0,0,0,0,0,0,,0,0,0,0,0,0,0,0,,0,0,0,0,0,0,,0,0,0,0,0,0,,0,0,,0,0,0,0,0,0,0,0,
Kwale,November,0,0,0,0,0,0,0,0,,0,0,0,0,0,0,0,0,0,0,0,0,,0,0,0,0,0,0,0,0,,0,0,0,0,0,0,,0,0,0,0,0,0,,0,0,,0,0,0,0,0,0,0,0,
Kwale,December,0,0,0,0,0,0,0,0,,0,0,0,0,0,0,0,0,0,0,0,0,,0,0,0,0,0,0,0,0,,0,0,0,0,0,0,,0,0,0,0,0,0,,0,0,,0,0,0,0,0,0,0,0,
Laikipia,January,0,0,0,0,0,0,0,0,,0,0,0,0,0,0,0,0,0,0,0,0,,0,0,0,0,0,0,0,0,,0,0,0,0,0,0,,0,0,0,0,0,0,,0,0,,0,0,0,0,0,0,0,0,
Laikipia,February,0,0,0,0,0,0,0,0,,0,0,0,0,0,0,0,0,0,0,0,0,,0,0,0,0,0,0,0,0,,0,0,0,0,0,0,,0,0,0,0,0,0,,0,0,,0,0,0,0,0,0,0,0,
Laikipia,March,0,0,0,0,0,0,0,0,,0,0,0,0,0,0,0,0,0,0,0,0,,0,0,0,0,0,0,0,0,,0,0,0,0,0,0,,0,0,0,0,0,0,,0,0,,0,0,0,0,0,0,0,0,
Laikipia,April,0,0,0,0,0,0,0,0,,0,0,0,0,0,0,0,0,0,0,0,0,,0,0,0,0,0,0,0,0,,0,0,0,0,0,0,,0,0,0,0,0,0,,0,0,,0,0,0,0,0,0,0,0,
Laikipia,May,0,0,0,0,0,0,0,0,,0,0,0,0,0,0,0,0,0,0,0,0,,0,0,0,0,0,0,0,0,,0,0,0,0,0,0,,0,0,0,0,0,0,,0,0,,0,0,0,0,0,0,0,0,
Laikipia,June,0,0,0,0,0,0,0,0,,0,0,0,0,0,0,0,0,0,0,0,0,,0,0,0,0,0,0,0,0,,0,0,0,0,0,0,,0,0,0,0,0,0,,0,0,,0,0,0,0,0,0,0,0,
Laikipia,July,0,0,0,0,0,0,0,0,,0,0,0,0,0,0,0,0,0,0,0,0,,0,0,0,0,0,0,0,0,,22,22,0,0,0,0,,0,0,0,0,0,0,,0,0,,0,0,0,0,0,0,0,0,
Laikipia,August,0,0,0,0,0,0,0,0,,0,0,0,0,0,0,0,0,0,0,0,0,,0,0,0,0,0,0,0,0,,0,0,0,0,0,0,,0,0,0,0,0,0,,0,0,,0,0,0,0,0,0,0,0,
Laikipia,September,0,0,0,0,0,0,0,0,,0,0,0,0,0,0,0,0,0,0,0,0,,0,0,0,0,0,0,0,0,,0,0,0,0,0,0,,0,0,0,0,0,0,,0,0,,0,0,0,0,0,0,0,0,
Laikipia,October,0,0,0,0,0,0,0,0,,0,0,0,0,0,0,0,0,0,0,0,0,,0,0,0,0,0,0,0,0,,0,0,0,0,0,0,,0,0,0,0,0,0,,0,0,,0,0,0,0,0,0,0,0,
Laikipia,November,0,0,0,0,0,0,0,0,,0,0,0,0,0,0,0,0,0,0,0,0,,0,0,0,0,0,0,0,0,,0,0,0,0,0,0,,0,0,0,0,0,0,,0,0,,0,0,0,0,0,0,0,0,
Laikipia,December,0,0,0,0,0,0,0,0,,0,0,0,0,0,0,0,0,0,0,0,0,,0,0,0,0,0,0,0,0,,0,0,0,0,0,0,,0,0,0,0,0,0,,0,0,,0,0,0,0,0,0,0,0,
Lamu,January,0,0,0,0,0,0,0,0,,0,0,0,0,0,0,0,0,0,0,0,0,,0,0,0,0,0,0,0,0,,0,0,0,0,0,0,,0,0,0,0,0,0,,0,0,,0,0,0,0,0,0,0,0,
Lamu,February,0,0,0,0,0,0,0,0,,0,0,0,0,0,0,0,0,0,0,0,0,,0,0,0,0,0,0,0,0,,0,0,0,0,0,0,,0,0,0,0,0,0,,0,0,,0,0,0,0,0,0,0,0,
Lamu,March,0,0,0,0,0,0,0,0,,0,0,0,0,0,0,0,0,0,0,0,0,,0,0,0,0,0,0,0,0,,0,0,0,0,0,0,,0,0,0,0,0,0,,0,0,,0,0,0,0,0,0,0,0,
Lamu,April,0,0,0,0,0,0,0,0,,0,0,0,0,0,0,0,0,0,0,0,0,,0,0,0,0,0,0,0,0,,0,0,0,0,0,0,,0,0,0,0,0,0,,0,0,,0,0,0,0,0,0,0,0,
Lamu,May,0,0,0,0,0,0,0,0,,0,0,0,0,0,0,0,0,0,0,0,0,,0,0,0,0,0,0,0,0,,0,0,0,0,0,0,,0,0,0,0,0,0,,0,0,,0,0,0,0,0,0,0,0,
Lamu,June,0,0,0,0,0,0,0,0,,0,0,0,0,0,0,0,0,0,0,0,0,,0,0,0,0,0,0,0,0,,0,0,0,0,0,0,,0,0,0,0,0,0,,0,0,,0,0,0,0,0,0,0,0,
Lamu,July,0,0,0,0,0,0,0,0,,0,0,0,0,0,0,0,0,0,0,0,0,,0,0,0,0,0,0,0,0,,0,0,0,0,0,0,,0,0,0,0,0,0,,0,0,,0,0,0,0,0,0,0,0,
Lamu,August,0,0,0,0,0,0,0,0,,0,0,0,0,0,0,0,0,0,0,0,0,,0,0,0,0,0,0,0,0,,0,0,0,0,0,0,,0,0,0,0,0,0,,0,0,,0,0,0,0,0,0,0,0,
Lamu,September,0,0,0,0,0,0,0,0,,0,0,0,0,0,0,0,0,0,0,0,0,,0,0,0,0,0,0,0,0,,0,0,0,0,0,0,,0,0,0,0,0,0,,0,0,,0,0,0,0,0,0,0,0,
Lamu,October,0,0,0,0,0,0,0,0,,0,0,0,0,0,0,0,0,0,0,0,0,,0,0,0,0,0,0,0,0,,0,0,0,0,0,0,,0,0,0,0,0,0,,0,0,,0,0,0,0,0,0,0,0,
Lamu,November,0,0,0,0,0,0,0,0,,0,0,0,0,0,0,0,0,0,0,0,0,,0,0,0,0,0,0,0,0,,0,0,0,0,0,0,,0,0,0,0,0,0,,0,0,,0,0,0,0,0,0,0,0,
Lamu,December,0,0,0,0,0,0,0,0,,0,0,0,0,0,0,0,0,0,0,0,0,,0,0,0,0,0,0,0,0,,0,0,0,0,0,0,,0,0,0,0,0,0,,0,0,,0,0,0,0,0,0,0,0,
Makueni,January,0,0,0,0,0,0,0,0,,0,0,0,0,0,0,0,0,0,0,0,0,,0,0,0,0,0,0,0,0,,0,0,0,0,0,0,,0,0,0,0,0,0,,0,0,,0,0,0,0,0,0,0,0,
Makueni,February,0,0,0,0,0,0,0,0,,0,0,0,0,0,0,0,0,0,0,0,0,,0,0,0,0,0,0,0,0,,0,0,0,0,0,0,,0,0,0,0,0,0,,0,0,,0,0,0,0,0,0,0,0,
Makueni,March,0,0,0,0,0,0,0,0,,0,0,0,0,0,0,0,0,0,0,0,0,,0,0,0,0,0,0,0,0,,0,0,0,0,0,0,,0,0,0,0,0,0,,0,0,,0,0,0,0,0,0,0,0,
Makueni,April,0,0,0,0,0,0,0,0,,0,0,0,0,0,0,0,0,0,0,0,0,,0,0,0,0,0,0,0,0,,0,0,0,0,0,0,,0,0,0,0,0,0,,0,0,,0,0,0,0,0,0,0,0,
Makueni,May,0,0,0,0,0,0,0,0,,0,0,0,0,0,0,0,0,0,0,0,0,,0,0,0,0,0,0,0,0,,0,0,0,0,0,0,,0,0,0,0,0,0,,0,0,,0,0,0,0,0,0,0,0,
Makueni,June,0,0,0,0,0,0,0,0,,0,0,0,0,0,0,0,0,0,0,0,0,,0,0,0,0,0,0,0,0,,0,0,0,0,0,0,,0,0,0,0,0,0,,0,0,,0,0,0,0,0,0,0,0,
Makueni,July,0,0,0,0,0,0,0,0,,0,0,0,0,0,0,0,0,0,0,0,0,,0,0,0,0,0,0,0,0,,0,0,0,0,0,0,,0,0,0,0,0,0,,0,0,,0,0,0,0,0,0,0,0,
Makueni,August,0,0,0,0,0,0,0,0,,0,0,0,0,0,0,0,0,0,0,0,0,,0,0,0,0,0,0,0,0,,0,0,0,0,0,0,,0,0,0,0,0,0,,0,0,,0,0,0,0,0,0,0,0,
Makueni,September,0,0,0,0,0,0,0,0,,0,0,0,0,0,0,0,0,0,0,0,0,,0,0,0,0,0,0,0,0,,0,0,0,0,0,0,,0,0,0,0,0,0,,0,0,,0,0,0,0,0,0,0,0,
Makueni,October,0,0,0,0,0,0,0,0,,0,0,0,0,0,0,0,0,0,0,0,0,,0,0,0,0,0,0,0,0,,0,0,0,0,0,0,,0,0,0,0,0,0,,0,0,,0,0,0,0,0,0,0,0,
Makueni,November,0,0,0,0,0,0,0,0,,0,0,0,0,0,0,0,0,0,0,0,0,,0,0,0,0,0,0,0,0,,0,0,0,0,0,0,,0,0,0,0,0,0,,0,0,,0,0,0,0,0,0,0,0,
Makueni,December,0,0,0,0,0,0,0,0,,0,0,0,0,0,0,0,0,0,0,0,0,,0,0,0,0,0,0,0,0,,0,0,0,0,0,0,,0,0,0,0,0,0,,0,0,,0,0,0,0,0,0,0,0,
Mandera,January,0,0,0,0,0,0,0,0,,0,0,0,0,0,0,0,0,0,0,0,0,,0,0,0,0,0,0,0,0,,0,0,0,0,0,0,,0,0,0,0,0,0,,0,0,,0,0,0,0,0,0,0,0,
Mandera,February,0,0,0,0,0,0,0,0,,0,0,0,0,0,0,0,0,0,0,0,0,,0,0,0,0,0,0,0,0,,0,0,0,0,0,0,,0,0,0,0,0,0,,0,0,,0,0,0,0,0,0,0,0,
Mandera,March,0,0,0,0,0,0,0,0,,0,0,0,0,0,0,0,0,0,0,0,0,,360,240,0,0,0,0,0,0,,139,11,0,0,0,0,,0,0,0,0,0,0,,0,0,,0,0,0,0,0,0,0,0,
Mandera,April,0,0,0,0,0,0,0,0,,0,0,0,0,0,0,0,0,0,0,0,0,,0,0,0,0,0,0,0,0,,0,0,0,0,0,0,,0,0,0,0,0,0,,0,0,,0,0,0,0,0,0,0,0,
Mandera,May,0,0,0,0,0,0,0,0,,0,0,0,0,0,0,0,0,0,0,0,0,,0,0,0,0,0,0,0,0,,0,0,0,0,0,0,,0,0,0,0,0,0,,0,0,,0,0,0,0,0,0,0,0,
Mandera,June,0,0,0,0,0,0,0,0,,0,0,0,0,0,0,0,0,0,0,0,0,,0,0,0,0,0,0,0,0,,0,0,0,0,0,0,,0,0,0,0,0,0,,0,0,,0,0,0,0,0,0,0,0,
Mandera,July,0,0,0,0,0,0,0,0,,0,0,0,0,0,0,0,0,0,0,0,0,,0,0,0,0,0,0,0,0,,0,0,0,0,0,0,,0,0,0,0,0,0,,0,0,,0,0,0,0,0,0,0,0,
Mandera,August,0,0,0,0,0,0,0,0,,0,0,0,0,0,0,0,0,0,0,0,0,,0,0,0,0,0,0,0,0,,0,0,0,0,0,0,,77,8,0,0,0,0,85 Teachers were tained on digital attendance application to upload newly enrolled leaners in the online register,0,0,,0,0,0,0,0,0,0,0,
Mandera,September,0,0,0,0,0,0,0,0,,0,0,0,0,0,0,0,0,0,0,0,0,,0,0,0,0,0,0,0,0,,0,0,0,0,0,0,,0,0,0,0,0,0,,0,0,,0,0,0,0,0,0,0,0,
Mandera,October,0,0,0,0,0,0,0,0,,0,0,0,0,0,0,0,0,0,0,0,0,,0,0,0,0,0,0,0,0,,0,0,0,0,0,0,,0,0,0,0,0,0,,0,0,,0,0,0,0,0,0,0,0,
Mandera,November,0,0,0,0,0,0,0,0,,0,0,0,0,0,0,0,0,0,0,0,0,,0,0,0,0,0,0,0,0,,0,0,0,0,0,0,,0,0,0,0,0,0,,0,0,,0,0,0,0,0,0,0,0,
Mandera,December,0,0,0,0,0,0,0,0,,0,0,0,0,0,0,0,0,0,0,0,0,,0,0,0,0,0,0,0,0,,0,0,0,0,0,0,,0,0,0,0,0,0,,0,0,,0,0,0,0,0,0,0,0,
Marsabit,January,271,229,0,0,0,0,0,0,,1303,1245,0,0,0,0,0,0,0,10,0,0,,0,0,0,0,0,0,0,0,,0,0,0,0,0,0,,0,0,0,0,0,0,,0,0,,0,0,0,0,0,0,0,0,
Marsabit,February,646,354,0,0,0,0,0,0,,0,0,0,0,0,0,0,0,0,0,0,0,,0,0,0,0,0,0,0,0,,0,0,0,0,0,0,,83,10,0,0,0,0,,0,0,,0,0,0,0,0,0,0,0,
Marsabit,March,1003,597,0,0,0,0,0,0,,0,0,0,0,0,0,0,0,0,0,0,0,,0,0,0,0,0,0,0,0,,0,0,0,0,0,0,,40,15,0,0,0,0,,0,0,,0,0,0,0,0,0,0,0,
Marsabit,April,0,0,0,0,0,0,0,0,,0,0,0,0,0,0,0,0,0,0,0,0,,0,0,0,0,0,0,0,0,,0,0,0,0,0,0,,0,0,0,0,0,0,,0,0,,0,0,0,0,0,0,0,0,
Marsabit,May,0,0,0,0,0,0,0,0,,7311,6979,0,0,0,0,0,0,0,0,0,0,,9431,10289,0,0,0,0,0,0,,0,0,0,0,0,0,,0,0,0,0,0,0,,0,0,,0,0,0,0,0,0,0,0,
Marsabit,June,210,231,0,0,0,0,0,0,,0,0,0,0,0,0,0,0,0,0,0,0,,0,0,0,0,0,0,0,0,,0,0,0,0,0,0,,0,0,0,0,0,0,,0,0,,134,154,0,0,0,0,0,0,
Marsabit,July,73,50,0,0,0,0,0,0,,0,0,0,0,0,0,0,0,0,0,0,0,,0,0,0,0,0,0,0,0,,162,24,0,0,0,0,,0,0,0,0,0,0,,0,0,,0,0,0,0,0,0,0,0,
Marsabit,August,0,0,0,0,0,0,0,0,,0,90,0,0,0,0,0,0,0,0,0,0,90 Girls in 2 schools in Marsabit County were provided with sanitary pads,0,0,0,0,0,0,0,0,,0,0,0,0,0,0,,0,0,0,0,0,0,,0,0,,0,0,0,0,0,0,0,0,
Marsabit,September,0,0,0,0,0,0,0,0,,0,0,0,0,0,0,0,0,0,0,0,0,,0,0,0,0,0,0,0,0,,0,0,0,0,0,0,,0,0,0,0,0,0,,0,0,,0,0,0,0,0,0,0,0,
Marsabit,October,0,0,0,0,0,0,0,0,,0,0,0,0,0,0,0,0,0,0,0,0,,0,0,0,0,0,0,0,0,,0,0,0,0,0,0,,0,0,0,0,0,0,,0,0,,0,0,0,0,0,0,0,0,
Marsabit,November,0,0,0,0,0,0,0,0,,0,0,0,0,0,0,0,0,0,0,0,0,,0,0,0,0,0,0,0,0,,0,0,0,0,0,0,,0,0,0,0,0,0,,0,0,,0,0,0,0,0,0,0,0,
Marsabit,December,0,0,0,0,0,0,0,0,,0,0,0,0,0,0,0,0,0,0,0,0,,0,0,0,0,0,0,0,0,,0,0,0,0,0,0,,0,0,0,0,0,0,,0,0,,0,0,0,0,0,0,0,0,
Meru,January,0,0,0,0,0,0,0,0,,0,0,0,0,0,0,0,0,0,0,0,0,,0,0,0,0,0,0,0,0,,0,0,0,0,0,0,,0,0,0,0,0,0,,0,0,,0,0,0,0,0,0,0,0,
Meru,February,0,0,0,0,0,0,0,0,,0,0,0,0,0,0,0,0,0,0,0,0,,0,0,0,0,0,0,0,0,,0,0,0,0,0,0,,0,0,0,0,0,0,,0,0,,0,0,0,0,0,0,0,0,
Meru,March,0,0,0,0,0,0,0,0,,0,0,0,0,0,0,0,0,0,0,0,0,,0,0,0,0,0,0,0,0,,0,0,0,0,0,0,,0,0,0,0,0,0,,0,0,,0,0,0,0,0,0,0,0,
Meru,April,0,0,0,0,0,0,0,0,,0,0,0,0,0,0,0,0,0,0,0,0,,0,0,0,0,0,0,0,0,,0,0,0,0,0,0,,0,0,0,0,0,0,,0,0,,0,0,0,0,0,0,0,0,
Meru,May,0,0,0,0,0,0,0,0,,0,0,0,0,0,0,0,0,0,0,0,0,,0,0,0,0,0,0,0,0,,0,0,0,0,0,0,,0,0,0,0,0,0,,0,0,,0,0,0,0,0,0,0,0,
Meru,June,0,0,0,0,0,0,0,0,,0,0,0,0,0,0,0,0,0,0,0,0,,0,0,0,0,0,0,0,0,,0,0,0,0,0,0,,0,0,0,0,0,0,,0,0,,0,0,0,0,0,0,0,0,
Meru,July,0,0,0,0,0,0,0,0,,0,0,0,0,0,0,0,0,0,0,0,0,,0,0,0,0,0,0,0,0,,0,0,0,0,0,0,,0,0,0,0,0,0,,0,0,,0,0,0,0,0,0,0,0,
Meru,August,0,0,0,0,0,0,0,0,,0,0,0,0,0,0,0,0,0,0,0,0,,0,0,0,0,0,0,0,0,,0,0,0,0,0,0,,0,0,0,0,0,0,,0,0,,0,0,0,0,0,0,0,0,
Meru,September,0,0,0,0,0,0,0,0,,0,0,0,0,0,0,0,0,0,0,0,0,,0,0,0,0,0,0,0,0,,0,0,0,0,0,0,,0,0,0,0,0,0,,0,0,,0,0,0,0,0,0,0,0,
Meru,October,0,0,0,0,0,0,0,0,,0,0,0,0,0,0,0,0,0,0,0,0,,0,0,0,0,0,0,0,0,,0,0,0,0,0,0,,0,0,0,0,0,0,,0,0,,0,0,0,0,0,0,0,0,
Meru,November,0,0,0,0,0,0,0,0,,0,0,0,0,0,0,0,0,0,0,0,0,,0,0,0,0,0,0,0,0,,0,0,0,0,0,0,,0,0,0,0,0,0,,0,0,,0,0,0,0,0,0,0,0,
Meru,December,0,0,0,0,0,0,0,0,,0,0,0,0,0,0,0,0,0,0,0,0,,0,0,0,0,0,0,0,0,,0,0,0,0,0,0,,0,0,0,0,0,0,,0,0,,0,0,0,0,0,0,0,0,
Migori,January,0,0,0,0,0,0,0,0,,0,0,0,0,0,0,0,0,0,0,0,0,,0,0,0,0,0,0,0,0,,0,0,0,0,0,0,,0,0,0,0,0,0,,0,0,,0,0,0,0,0,0,0,0,
Migori,February,0,0,0,0,0,0,0,0,,0,0,0,0,0,0,0,0,0,0,0,0,,0,0,0,0,0,0,0,0,,0,0,0,0,0,0,,0,0,0,0,0,0,,0,0,,0,0,0,0,0,0,0,0,
Migori,March,0,0,0,0,0,0,0,0,,0,0,0,0,0,0,0,0,0,0,0,0,,0,0,0,0,0,0,0,0,,0,0,0,0,0,0,,0,0,0,0,0,0,,0,0,,0,0,0,0,0,0,0,0,
Migori,April,0,0,0,0,0,0,0,0,,0,0,0,0,0,0,0,0,0,0,0,0,,0,0,0,0,0,0,0,0,,0,0,0,0,0,0,,0,0,0,0,0,0,,0,0,,0,0,0,0,0,0,0,0,
Migori,May,0,0,0,0,0,0,0,0,,0,0,0,0,0,0,0,0,0,0,0,0,,0,0,0,0,0,0,0,0,,0,0,0,0,0,0,,0,0,0,0,0,0,,0,0,,0,0,0,0,0,0,0,0,
Migori,June,0,0,0,0,0,0,0,0,,0,0,0,0,0,0,0,0,0,0,0,0,,0,0,0,0,0,0,0,0,,0,0,0,0,0,0,,0,0,0,0,0,0,,0,0,,0,0,0,0,0,0,0,0,
Migori,July,0,0,0,0,0,0,0,0,,0,0,0,0,0,0,0,0,0,0,0,0,,0,0,0,0,0,0,0,0,,0,0,0,0,0,0,,0,0,0,0,0,0,,0,0,,0,0,0,0,0,0,0,0,
Migori,August,0,0,0,0,0,0,0,0,,0,0,0,0,0,0,0,0,0,0,0,0,,0,0,0,0,0,0,0,0,,0,0,0,0,0,0,,0,0,0,0,0,0,,0,0,,0,0,0,0,0,0,0,0,
Migori,September,0,0,0,0,0,0,0,0,,0,0,0,0,0,0,0,0,0,0,0,0,,0,0,0,0,0,0,0,0,,0,0,0,0,0,0,,0,0,0,0,0,0,,0,0,,0,0,0,0,0,0,0,0,
Migori,October,0,0,0,0,0,0,0,0,,0,0,0,0,0,0,0,0,0,0,0,0,,0,0,0,0,0,0,0,0,,0,0,0,0,0,0,,0,0,0,0,0,0,,0,0,,0,0,0,0,0,0,0,0,
Migori,November,0,0,0,0,0,0,0,0,,0,0,0,0,0,0,0,0,0,0,0,0,,0,0,0,0,0,0,0,0,,0,0,0,0,0,0,,0,0,0,0,0,0,,0,0,,0,0,0,0,0,0,0,0,
Migori,December,0,0,0,0,0,0,0,0,,0,0,0,0,0,0,0,0,0,0,0,0,,0,0,0,0,0,0,0,0,,0,0,0,0,0,0,,0,0,0,0,0,0,,0,0,,0,0,0,0,0,0,0,0,
Nairobi,January,0,0,0,0,0,0,0,0,,0,0,0,0,0,0,0,0,0,0,0,0,,0,0,0,0,0,0,0,0,,0,0,0,0,0,0,,0,0,0,0,0,0,,0,0,,0,0,0,0,0,0,0,0,
Nairobi,February,0,0,0,0,0,0,0,0,,0,0,0,0,0,0,0,0,0,0,0,0,,0,0,0,0,0,0,0,0,,0,0,0,0,0,0,,0,0,0,0,0,0,,0,0,,0,0,0,0,0,0,0,0,
Nairobi,March,0,0,0,0,0,0,0,0,,0,0,0,0,0,0,0,0,0,0,0,0,,0,0,0,0,0,0,0,0,,0,0,0,0,0,0,,0,0,0,0,0,0,,0,0,,0,0,0,0,0,0,0,0,
Nairobi,April,0,0,0,0,0,0,0,0,,0,0,0,0,0,0,0,0,0,0,0,0,,0,0,0,0,0,0,0,0,,0,0,0,0,0,0,,0,0,0,0,0,0,,0,0,,0,0,0,0,0,0,0,0,
Nairobi,May,0,0,0,0,0,0,0,0,,0,0,0,0,0,0,0,0,0,0,0,0,,0,0,0,0,0,0,0,0,,0,0,0,0,0,0,,0,0,0,0,0,0,,0,0,,0,0,0,0,0,0,0,0,
Nairobi,June,0,0,0,0,0,0,0,0,,0,0,0,0,0,0,0,0,0,0,0,0,,0,0,0,0,0,0,0,0,,0,0,0,0,0,0,,0,0,0,0,0,0,,0,0,,0,0,0,0,0,0,0,0,
Nairobi,July,0,0,0,0,0,0,0,0,,0,0,0,0,0,0,0,0,0,0,0,0,,0,0,0,0,0,0,0,0,,0,0,0,0,0,0,,0,0,0,0,0,0,,0,0,,0,0,0,0,0,0,0,0,
Nairobi,August,0,0,0,0,0,0,0,0,,0,0,0,0,0,0,0,0,0,0,0,0,,0,0,0,0,0,0,0,0,,0,0,0,0,0,0,,0,0,0,0,0,0,,0,0,,0,0,0,0,0,0,0,0,
Nairobi,September,0,0,0,0,0,0,0,0,,0,0,0,0,0,0,0,0,0,0,0,0,,0,0,0,0,0,0,0,0,,0,0,0,0,0,0,,0,0,0,0,0,0,,0,0,,0,0,0,0,0,0,0,0,
Nairobi,October,0,0,0,0,0,0,0,0,,0,0,0,0,0,0,0,0,0,0,0,0,,0,0,0,0,0,0,0,0,,0,0,0,0,0,0,,0,0,0,0,0,0,,0,0,,0,0,0,0,0,0,0,0,
Nairobi,November,0,0,0,0,0,0,0,0,,0,0,0,0,0,0,0,0,0,0,0,0,,0,0,0,0,0,0,0,0,,0,0,0,0,0,0,,0,0,0,0,0,0,,0,0,,0,0,0,0,0,0,0,0,
Nairobi,December,0,0,0,0,0,0,0,0,,0,0,0,0,0,0,0,0,0,0,0,0,,0,0,0,0,0,0,0,0,,0,0,0,0,0,0,,0,0,0,0,0,0,,0,0,,0,0,0,0,0,0,0,0,
Narok,January,0,0,0,0,0,0,0,0,,0,0,0,0,0,0,0,0,0,0,0,0,,0,0,0,0,0,0,0,0,,0,0,0,0,0,0,,0,0,0,0,0,0,,0,0,,0,0,0,0,0,0,0,0,
Narok,February,0,0,0,0,0,0,0,0,,0,0,0,0,0,0,0,0,0,0,0,0,,0,0,0,0,0,0,0,0,,0,0,0,0,0,0,,0,0,0,0,0,0,,0,0,,0,0,0,0,0,0,0,0,
Narok,March,487,326,0,0,0,0,0,0,,0,0,0,0,0,0,0,0,0,0,0,0,,0,0,0,0,0,0,0,0,,0,0,0,0,0,0,,83,32,0,0,0,0,,0,0,,100,278,0,0,0,0,0,0,
Narok,April,0,0,0,0,0,0,0,0,,0,0,0,0,0,0,0,0,0,0,0,0,,0,0,0,0,0,0,0,0,,0,0,0,0,0,0,,0,0,0,0,0,0,,0,0,,0,0,0,0,0,0,0,0,
Narok,May,102,98,0,0,0,0,0,0,,0,0,0,0,0,0,0,0,0,0,0,0,,0,0,0,0,0,0,0,0,,0,0,0,0,0,0,,0,0,0,0,0,0,,0,0,,0,0,0,0,0,0,0,0,
Narok,June,1311,1093,0,0,0,0,0,0,,0,0,0,0,0,0,0,0,0,0,0,0,,0,0,0,0,0,0,0,0,,0,0,0,0,0,0,,0,0,0,0,0,0,,0,0,,0,0,0,0,0,0,0,0,
Narok,July,0,0,0,0,0,0,0,0,,0,0,0,0,0,0,0,0,0,0,0,0,,0,0,0,0,0,0,0,0,,0,0,0,0,0,0,,0,0,0,0,0,0,,0,0,,0,0,0,0,0,0,0,0,
Narok,August,0,0,0,0,0,0,0,0,,0,0,0,0,0,0,0,0,0,0,0,0,,0,0,0,0,0,0,0,0,,0,0,0,0,0,0,,0,0,0,0,0,0,,0,0,,0,0,0,0,0,0,0,0,
Narok,September,0,0,0,0,0,0,0,0,,0,0,0,0,0,0,0,0,0,0,0,0,,0,0,0,0,0,0,0,0,,0,0,0,0,0,0,,0,0,0,0,0,0,,0,0,,0,0,0,0,0,0,0,0,
Narok,October,0,0,0,0,0,0,0,0,,0,0,0,0,0,0,0,0,0,0,0,0,,0,0,0,0,0,0,0,0,,0,0,0,0,0,0,,0,0,0,0,0,0,,0,0,,0,0,0,0,0,0,0,0,
Narok,November,0,0,0,0,0,0,0,0,,0,0,0,0,0,0,0,0,0,0,0,0,,0,0,0,0,0,0,0,0,,0,0,0,0,0,0,,0,0,0,0,0,0,,0,0,,0,0,0,0,0,0,0,0,
Narok,December,0,0,0,0,0,0,0,0,,0,0,0,0,0,0,0,0,0,0,0,0,,0,0,0,0,0,0,0,0,,0,0,0,0,0,0,,0,0,0,0,0,0,,0,0,,0,0,0,0,0,0,0,0,
Nyeri,January,0,0,0,0,0,0,0,0,,0,0,0,0,0,0,0,0,0,0,0,0,,0,0,0,0,0,0,0,0,,0,0,0,0,0,0,,0,0,0,0,0,0,,0,0,,0,0,0,0,0,0,0,0,
Nyeri,February,0,0,0,0,0,0,0,0,,0,0,0,0,0,0,0,0,0,0,0,0,,0,0,0,0,0,0,0,0,,0,0,0,0,0,0,,0,0,0,0,0,0,,0,0,,0,0,0,0,0,0,0,0,
Nyeri,March,0,0,0,0,0,0,0,0,,0,0,0,0,0,0,0,0,0,0,0,0,,0,0,0,0,0,0,0,0,,0,0,0,0,0,0,,0,0,0,0,0,0,,0,0,,0,0,0,0,0,0,0,0,
Nyeri,April,0,0,0,0,0,0,0,0,,0,0,0,0,0,0,0,0,0,0,0,0,,0,0,0,0,0,0,0,0,,0,0,0,0,0,0,,0,0,0,0,0,0,,0,0,,0,0,0,0,0,0,0,0,
Nyeri,May,0,0,0,0,0,0,0,0,,0,0,0,0,0,0,0,0,0,0,0,0,,0,0,0,0,0,0,0,0,,0,0,0,0,0,0,,0,0,0,0,0,0,,0,0,,0,0,0,0,0,0,0,0,
Nyeri,June,0,0,0,0,0,0,0,0,,0,0,0,0,0,0,0,0,0,0,0,0,,0,0,0,0,0,0,0,0,,0,0,0,0,0,0,,0,0,0,0,0,0,,0,0,,0,0,0,0,0,0,0,0,
Nyeri,July,0,0,0,0,0,0,0,0,,0,0,0,0,0,0,0,0,0,0,0,0,,0,0,0,0,0,0,0,0,,0,0,0,0,0,0,,0,0,0,0,0,0,,0,0,,0,0,0,0,0,0,0,0,
Nyeri,August,0,0,0,0,0,0,0,0,,0,0,0,0,0,0,0,0,0,0,0,0,,0,0,0,0,0,0,0,0,,0,0,0,0,0,0,,0,0,0,0,0,0,,0,0,,0,0,0,0,0,0,0,0,
Nyeri,September,0,0,0,0,0,0,0,0,,0,0,0,0,0,0,0,0,0,0,0,0,,0,0,0,0,0,0,0,0,,0,0,0,0,0,0,,0,0,0,0,0,0,,0,0,,0,0,0,0,0,0,0,0,
Nyeri,October,0,0,0,0,0,0,0,0,,0,0,0,0,0,0,0,0,0,0,0,0,,0,0,0,0,0,0,0,0,,0,0,0,0,0,0,,0,0,0,0,0,0,,0,0,,0,0,0,0,0,0,0,0,
Nyeri,November,0,0,0,0,0,0,0,0,,0,0,0,0,0,0,0,0,0,0,0,0,,0,0,0,0,0,0,0,0,,0,0,0,0,0,0,,0,0,0,0,0,0,,0,0,,0,0,0,0,0,0,0,0,
Nyeri,December,0,0,0,0,0,0,0,0,,0,0,0,0,0,0,0,0,0,0,0,0,,0,0,0,0,0,0,0,0,,0,0,0,0,0,0,,0,0,0,0,0,0,,0,0,,0,0,0,0,0,0,0,0,
Samburu,January,51,36,0,0,0,0,0,0,,0,0,0,0,0,0,0,0,0,0,0,0,,0,0,0,0,0,0,0,0,,0,0,0,0,0,0,,0,0,0,0,0,0,,0,0,,0,0,0,0,0,0,0,0,
Samburu,February,0,0,0,0,0,0,0,0,,0,0,0,0,0,0,0,0,0,0,0,0,,0,0,0,0,0,0,0,0,,0,0,0,0,0,0,,0,0,0,0,0,0,,0,0,,0,0,0,0,0,0,0,0,
Samburu,March,582,477,0,0,0,0,14,10,,0,0,0,0,0,0,0,0,0,0,0,0,,0,0,0,0,0,0,0,0,,0,0,0,0,0,0,,0,0,0,0,0,0,,0,0,,0,229,0,0,0,0,0,0,
Samburu,April,520,401,0,0,0,0,141,110,,0,0,0,0,0,0,0,0,0,0,0,0,,0,0,0,0,0,0,0,0,,0,0,0,0,0,0,,12,7,0,0,0,0,,60,24,,351,402,0,0,0,0,0,0,
Samburu,May,167,127,0,0,0,0,0,0,,0,0,0,0,0,0,0,0,0,0,0,0,,0,0,0,0,0,0,0,0,,0,0,0,0,0,0,,0,0,0,0,0,0,,0,0,,0,0,0,0,0,0,0,0,
Samburu,June,708,646,0,0,0,0,0,0,,0,0,0,0,0,0,0,0,0,0,0,0,,0,0,0,0,0,0,0,0,,0,0,0,0,0,0,,0,0,0,0,0,0,,66,82,,0,0,0,0,0,0,0,0,
Samburu,July,526,380,0,0,0,0,0,0,,0,0,0,0,0,0,0,0,0,0,0,0,,0,0,0,0,0,0,0,0,,0,0,0,0,0,0,,28,3,0,0,0,0,,0,0,,0,0,0,0,0,0,0,0,
Samburu,August,0,0,0,0,0,0,3,4,,0,0,0,0,0,0,0,0,0,0,0,0,,0,0,0,0,0,0,0,0,,10,18,0,0,0,0,,0,0,0,0,0,0,,0,0,,0,0,0,0,0,0,0,0,
Samburu,September,0,0,0,0,0,0,0,0,,0,0,0,0,0,0,0,0,0,0,0,0,,0,0,0,0,0,0,0,0,,0,0,0,0,0,0,,0,0,0,0,0,0,,0,0,,0,0,0,0,0,0,0,0,
Samburu,October,0,0,0,0,0,0,0,0,,0,0,0,0,0,0,0,0,0,0,0,0,,0,0,0,0,0,0,0,0,,0,0,0,0,0,0,,0,0,0,0,0,0,,0,0,,0,0,0,0,0,0,0,0,
Samburu,November,0,0,0,0,0,0,0,0,,0,0,0,0,0,0,0,0,0,0,0,0,,0,0,0,0,0,0,0,0,,0,0,0,0,0,0,,0,0,0,0,0,0,,0,0,,0,0,0,0,0,0,0,0,
Samburu,December,0,0,0,0,0,0,0,0,,0,0,0,0,0,0,0,0,0,0,0,0,,0,0,0,0,0,0,0,0,,0,0,0,0,0,0,,0,0,0,0,0,0,,0,0,,0,0,0,0,0,0,0,0,
Siaya,January,0,0,0,0,0,0,0,0,,0,0,0,0,0,0,0,0,0,0,0,0,,0,0,0,0,0,0,0,0,,0,0,0,0,0,0,,0,0,0,0,0,0,,0,0,,0,0,0,0,0,0,0,0,
Siaya,February,0,0,0,0,0,0,0,0,,0,0,0,0,0,0,0,0,0,0,0,0,,0,0,0,0,0,0,0,0,,0,0,0,0,0,0,,0,0,0,0,0,0,,0,0,,0,0,0,0,0,0,0,0,
Siaya,March,0,0,0,0,0,0,0,0,,0,0,0,0,0,0,0,0,0,0,0,0,,0,0,0,0,0,0,0,0,,0,0,0,0,0,0,,0,0,0,0,0,0,,0,0,,0,0,0,0,0,0,0,0,
Siaya,April,0,0,0,0,0,0,0,0,,0,0,0,0,0,0,0,0,0,0,0,0,,0,0,0,0,0,0,0,0,,0,0,0,0,0,0,,0,0,0,0,0,0,,0,0,,0,0,0,0,0,0,0,0,
Siaya,May,0,0,0,0,0,0,0,0,,0,0,0,0,0,0,0,0,0,0,0,0,,0,0,0,0,0,0,0,0,,0,0,0,0,0,0,,0,0,0,0,0,0,,0,0,,0,0,0,0,0,0,0,0,
Siaya,June,0,0,0,0,0,0,0,0,,0,0,0,0,0,0,0,0,0,0,0,0,,0,0,0,0,0,0,0,0,,0,0,0,0,0,0,,0,0,0,0,0,0,,0,0,,0,0,0,0,0,0,0,0,
Siaya,July,0,0,0,0,0,0,0,0,,0,0,0,0,0,0,0,0,0,0,0,0,,0,0,0,0,0,0,0,0,,0,0,0,0,0,0,,0,0,0,0,0,0,,0,0,,0,0,0,0,0,0,0,0,
Siaya,August,0,0,0,0,0,0,0,0,,0,0,0,0,0,0,0,0,0,0,0,0,,0,0,0,0,0,0,0,0,,0,0,0,0,0,0,,0,0,0,0,0,0,,0,0,,0,0,0,0,0,0,0,0,
Siaya,September,0,0,0,0,0,0,0,0,,0,0,0,0,0,0,0,0,0,0,0,0,,0,0,0,0,0,0,0,0,,0,0,0,0,0,0,,0,0,0,0,0,0,,0,0,,0,0,0,0,0,0,0,0,
Siaya,October,0,0,0,0,0,0,0,0,,0,0,0,0,0,0,0,0,0,0,0,0,,0,0,0,0,0,0,0,0,,0,0,0,0,0,0,,0,0,0,0,0,0,,0,0,,0,0,0,0,0,0,0,0,
Siaya,November,0,0,0,0,0,0,0,0,,0,0,0,0,0,0,0,0,0,0,0,0,,0,0,0,0,0,0,0,0,,0,0,0,0,0,0,,0,0,0,0,0,0,,0,0,,0,0,0,0,0,0,0,0,
Siaya,December,0,0,0,0,0,0,0,0,,0,0,0,0,0,0,0,0,0,0,0,0,,0,0,0,0,0,0,0,0,,0,0,0,0,0,0,,0,0,0,0,0,0,,0,0,,0,0,0,0,0,0,0,0,
Taita Taveta,January,0,0,0,0,0,0,0,0,,0,0,0,0,0,0,0,0,0,0,0,0,,0,0,0,0,0,0,0,0,,0,0,0,0,0,0,,0,0,0,0,0,0,,0,0,,0,0,0,0,0,0,0,0,
Taita Taveta,February,0,0,0,0,0,0,0,0,,0,0,0,0,0,0,0,0,0,0,0,0,,0,0,0,0,0,0,0,0,,0,0,0,0,0,0,,0,0,0,0,0,0,,0,0,,0,0,0,0,0,0,0,0,
Taita Taveta,March,0,0,0,0,0,0,0,0,,0,0,0,0,0,0,0,0,0,0,0,0,,0,0,0,0,0,0,0,0,,0,0,0,0,0,0,,0,0,0,0,0,0,,0,0,,0,0,0,0,0,0,0,0,
Taita Taveta,April,0,0,0,0,0,0,0,0,,0,0,0,0,0,0,0,0,0,0,0,0,,0,0,0,0,0,0,0,0,,0,0,0,0,0,0,,0,0,0,0,0,0,,0,0,,0,0,0,0,0,0,0,0,
Taita Taveta,May,0,0,0,0,0,0,0,0,,0,0,0,0,0,0,0,0,0,0,0,0,,0,0,0,0,0,0,0,0,,0,0,0,0,0,0,,0,0,0,0,0,0,,0,0,,0,0,0,0,0,0,0,0,
Taita Taveta,June,0,0,0,0,0,0,0,0,,0,0,0,0,0,0,0,0,0,0,0,0,,0,0,0,0,0,0,0,0,,0,0,0,0,0,0,,0,0,0,0,0,0,,0,0,,0,0,0,0,0,0,0,0,
Taita Taveta,July,0,0,0,0,0,0,0,0,,0,0,0,0,0,0,0,0,0,0,0,0,,0,0,0,0,0,0,0,0,,0,0,0,0,0,0,,0,0,0,0,0,0,,0,0,,0,0,0,0,0,0,0,0,
Taita Taveta,August,0,0,0,0,0,0,0,0,,0,0,0,0,0,0,0,0,0,0,0,0,,0,0,0,0,0,0,0,0,,0,0,0,0,0,0,,0,0,0,0,0,0,,0,0,,0,0,0,0,0,0,0,0,
Taita Taveta,September,0,0,0,0,0,0,0,0,,0,0,0,0,0,0,0,0,0,0,0,0,,0,0,0,0,0,0,0,0,,0,0,0,0,0,0,,0,0,0,0,0,0,,0,0,,0,0,0,0,0,0,0,0,
Taita Taveta,October,0,0,0,0,0,0,0,0,,0,0,0,0,0,0,0,0,0,0,0,0,,0,0,0,0,0,0,0,0,,0,0,0,0,0,0,,0,0,0,0,0,0,,0,0,,0,0,0,0,0,0,0,0,
Taita Taveta,November,0,0,0,0,0,0,0,0,,0,0,0,0,0,0,0,0,0,0,0,0,,0,0,0,0,0,0,0,0,,0,0,0,0,0,0,,0,0,0,0,0,0,,0,0,,0,0,0,0,0,0,0,0,
Taita Taveta,December,0,0,0,0,0,0,0,0,,0,0,0,0,0,0,0,0,0,0,0,0,,0,0,0,0,0,0,0,0,,0,0,0,0,0,0,,0,0,0,0,0,0,,0,0,,0,0,0,0,0,0,0,0,
Tana River,January,0,0,0,0,0,0,0,0,,0,0,0,0,0,0,0,0,0,0,0,0,,0,0,0,0,0,0,0,0,,0,0,0,0,0,0,,0,0,0,0,0,0,,0,0,,0,0,0,0,0,0,0,0,
Tana River,February,1620,2555,0,0,0,0,0,0,,0,0,0,0,0,0,0,0,0,0,0,0,,0,0,0,0,0,0,0,0,,0,0,0,0,0,0,,0,0,0,0,0,0,,0,0,,0,0,0,0,0,0,0,0,
Tana River,March,0,0,0,0,0,0,0,0,,0,0,0,0,0,0,0,0,0,0,0,0,,0,0,0,0,0,0,0,0,,0,0,0,0,0,0,,0,0,0,0,0,0,,0,0,,0,0,0,0,0,0,0,0,
Tana River,April,0,0,0,0,0,0,0,0,,0,0,0,0,0,0,0,0,0,0,0,0,,0,0,0,0,0,0,0,0,,0,0,0,0,0,0,,0,0,0,0,0,0,,0,0,,0,0,0,0,0,0,0,0,
Tana River,May,225,332,0,0,0,0,0,0,,0,0,0,0,0,0,0,0,0,0,0,0,,0,0,0,0,0,0,0,0,,0,0,0,0,0,0,,483,835,0,0,0,0,,0,0,,1320,2449,0,0,0,0,0,0,
Tana River,June,229,161,0,0,0,0,0,0,,0,0,0,0,0,0,0,0,0,0,0,0,,0,0,0,0,0,0,0,0,,0,0,0,0,0,0,,0,0,0,0,0,0,,0,0,,0,0,0,0,0,0,0,0,
Tana River,July,0,0,0,0,0,0,0,0,,0,0,0,0,0,0,0,0,0,0,0,0,,0,0,0,0,0,0,0,0,,0,0,0,0,0,0,,0,0,0,0,0,0,,0,0,,0,0,0,0,0,0,0,0,
Tana River,August,0,0,0,0,0,0,0,0,,0,0,0,0,0,0,0,0,0,0,0,0,,0,0,0,0,0,0,0,0,,0,0,0,0,0,0,,0,0,0,0,0,0,,0,0,,0,0,0,0,0,0,0,0,
Tana River,September,0,0,0,0,0,0,0,0,,0,0,0,0,0,0,0,0,0,0,0,0,,0,0,0,0,0,0,0,0,,0,0,0,0,0,0,,0,0,0,0,0,0,,0,0,,0,0,0,0,0,0,0,0,
Tana River,October,0,0,0,0,0,0,0,0,,0,0,0,0,0,0,0,0,0,0,0,0,,0,0,0,0,0,0,0,0,,0,0,0,0,0,0,,0,0,0,0,0,0,,0,0,,0,0,0,0,0,0,0,0,
Tana River,November,0,0,0,0,0,0,0,0,,0,0,0,0,0,0,0,0,0,0,0,0,,0,0,0,0,0,0,0,0,,0,0,0,0,0,0,,0,0,0,0,0,0,,0,0,,0,0,0,0,0,0,0,0,
Tana River,December,0,0,0,0,0,0,0,0,,0,0,0,0,0,0,0,0,0,0,0,0,,0,0,0,0,0,0,0,0,,0,0,0,0,0,0,,0,0,0,0,0,0,,0,0,,0,0,0,0,0,0,0,0,
Tharaka Nithi,January,0,0,0,0,0,0,0,0,,0,0,0,0,0,0,0,0,0,0,0,0,,0,0,0,0,0,0,0,0,,0,0,0,0,0,0,,0,0,0,0,0,0,,0,0,,0,0,0,0,0,0,0,0,
Tharaka Nithi,February,0,0,0,0,0,0,0,0,,0,0,0,0,0,0,0,0,0,0,0,0,,0,0,0,0,0,0,0,0,,0,0,0,0,0,0,,0,0,0,0,0,0,,0,0,,0,0,0,0,0,0,0,0,
Tharaka Nithi,March,0,0,0,0,0,0,0,0,,0,0,0,0,0,0,0,0,0,0,0,0,,0,0,0,0,0,0,0,0,,0,0,0,0,0,0,,0,0,0,0,0,0,,0,0,,0,0,0,0,0,0,0,0,
Tharaka Nithi,April,0,0,0,0,0,0,0,0,,0,0,0,0,0,0,0,0,0,0,0,0,,0,0,0,0,0,0,0,0,,0,0,0,0,0,0,,0,0,0,0,0,0,,0,0,,0,0,0,0,0,0,0,0,
Tharaka Nithi,May,0,0,0,0,0,0,0,0,,0,0,0,0,0,0,0,0,0,0,0,0,,0,0,0,0,0,0,0,0,,0,0,0,0,0,0,,0,0,0,0,0,0,,0,0,,0,0,0,0,0,0,0,0,
Tharaka Nithi,June,0,0,0,0,0,0,0,0,,0,0,0,0,0,0,0,0,0,0,0,0,,0,0,0,0,0,0,0,0,,0,0,0,0,0,0,,0,0,0,0,0,0,,0,0,,0,0,0,0,0,0,0,0,
Tharaka Nithi,July,0,0,0,0,0,0,0,0,,0,0,0,0,0,0,0,0,0,0,0,0,,0,0,0,0,0,0,0,0,,0,0,0,0,0,0,,0,0,0,0,0,0,,0,0,,0,0,0,0,0,0,0,0,
Tharaka Nithi,August,0,0,0,0,0,0,0,0,,0,0,0,0,0,0,0,0,0,0,0,0,,0,0,0,0,0,0,0,0,,0,0,0,0,0,0,,0,0,0,0,0,0,,0,0,,0,0,0,0,0,0,0,0,
Tharaka Nithi,September,0,0,0,0,0,0,0,0,,0,0,0,0,0,0,0,0,0,0,0,0,,0,0,0,0,0,0,0,0,,0,0,0,0,0,0,,0,0,0,0,0,0,,0,0,,0,0,0,0,0,0,0,0,
Tharaka Nithi,October,0,0,0,0,0,0,0,0,,0,0,0,0,0,0,0,0,0,0,0,0,,0,0,0,0,0,0,0,0,,0,0,0,0,0,0,,0,0,0,0,0,0,,0,0,,0,0,0,0,0,0,0,0,
Tharaka Nithi,November,0,0,0,0,0,0,0,0,,0,0,0,0,0,0,0,0,0,0,0,0,,0,0,0,0,0,0,0,0,,0,0,0,0,0,0,,0,0,0,0,0,0,,0,0,,0,0,0,0,0,0,0,0,
Tharaka Nithi,December,0,0,0,0,0,0,0,0,,0,0,0,0,0,0,0,0,0,0,0,0,,0,0,0,0,0,0,0,0,,0,0,0,0,0,0,,0,0,0,0,0,0,,0,0,,0,0,0,0,0,0,0,0,
Turkana,January,1364,978,0,0,0,0,0,0,,0,0,0,0,0,0,0,0,0,0,0,0,,0,0,0,0,0,0,0,0,,0,0,0,0,0,0,,0,0,0,0,0,0,,0,0,,0,0,0,0,0,0,0,0,
Turkana,February,103,76,0,0,781,630,35,60,,0,0,0,0,0,0,0,0,0,0,0,0,,209,181,0,0,11078,9028,457,313,,18,10,0,0,101,21,,3,5,0,0,229,66,,0,0,,0,0,0,0,0,105,0,0,
Turkana,March,2337,1899,0,0,0,0,1,0,,0,0,0,0,0,0,0,0,0,0,0,0,,1983,1615,0,0,27686,17997,0,0,,299,219,0,0,46,6,,0,0,0,0,0,0,,0,0,,1492,1335,0,0,16230,8596,0,0,
Turkana,April,2940,2810,0,0,15,9,220,280,,0,0,0,0,0,0,0,0,0,0,0,0,,0,0,0,0,0,0,0,0,,10,36,0,0,45,174,,44,3,0,0,0,0,,0,0,,734,736,0,0,0,0,0,0,
Turkana,May,450,407,0,0,0,0,0,0,,0,0,0,0,0,0,0,0,0,0,0,0,,0,0,0,0,0,0,0,0,,0,0,0,0,0,0,,0,0,0,0,0,0,,0,0,,0,0,0,0,0,0,0,0,
Turkana,June,0,0,0,0,0,0,0,0,,0,0,0,0,0,0,0,0,0,0,0,0,,0,0,0,0,0,0,0,0,,0,0,0,0,0,0,,0,0,0,0,0,0,,0,0,,400,320,0,0,0,0,0,0,
Turkana,July,241,210,0,0,0,0,0,0,,0,0,0,0,10224,7580,0,0,0,0,0,0,,0,0,0,0,0,0,0,0,,0,0,0,0,22,0,,0,0,0,0,33,47,,0,0,,0,0,0,0,0,0,0,0,
Turkana,August,1929,2360,0,0,12453,6234,0,0,,0,0,0,0,0,0,0,0,0,0,0,0,,0,0,0,0,0,0,0,0,,0,0,0,0,0,0,,0,0,0,0,53,82,,0,0,,184,200,0,0,0,0,0,0,
Turkana,September,0,0,0,0,0,0,0,0,,0,0,0,0,0,0,0,0,0,0,0,0,,0,0,0,0,0,0,0,0,,0,0,0,0,0,0,,0,0,0,0,0,0,,0,0,,0,0,0,0,0,0,0,0,
Turkana,October,0,0,0,0,0,0,0,0,,0,0,0,0,0,0,0,0,0,0,0,0,,0,0,0,0,0,0,0,0,,0,0,0,0,0,0,,0,0,0,0,0,0,,0,0,,0,0,0,0,0,0,0,0,
Turkana,November,0,0,0,0,0,0,0,0,,0,0,0,0,0,0,0,0,0,0,0,0,,0,0,0,0,0,0,0,0,,0,0,0,0,0,0,,0,0,0,0,0,0,,0,0,,0,0,0,0,0,0,0,0,
Turkana,December,0,0,0,0,0,0,0,0,,0,0,0,0,0,0,0,0,0,0,0,0,,0,0,0,0,0,0,0,0,,0,0,0,0,0,0,,0,0,0,0,0,0,,0,0,,0,0,0,0,0,0,0,0,
Wajir,January,0,0,0,0,0,0,0,0,,0,0,0,0,0,0,0,0,0,0,0,0,,0,0,0,0,0,0,0,0,,0,0,0,0,0,0,,0,0,0,0,0,0,,0,0,,0,0,0,0,0,0,0,0,
Wajir,February,0,0,0,0,0,0,0,0,,0,0,0,0,0,0,0,0,0,0,0,0,,0,0,0,0,0,0,0,0,,0,0,0,0,0,0,,0,0,0,0,0,0,,0,0,,0,0,0,0,0,0,0,0,
Wajir,March,208,153,0,0,0,0,0,0,,0,0,0,0,0,0,0,0,0,0,0,0,,0,0,0,0,0,0,0,0,,0,0,0,0,0,0,,0,0,0,0,0,0,,0,0,,0,0,0,0,0,0,0,0,
Wajir,April,0,0,0,0,0,0,0,0,,0,0,0,0,0,0,0,0,0,0,0,0,,0,0,0,0,0,0,0,0,,0,0,0,0,0,0,,0,0,0,0,0,0,,0,0,,0,0,0,0,0,0,0,0,
Wajir,May,210,116,0,0,0,0,0,0,,0,0,0,0,0,0,0,0,0,0,0,0,,0,0,0,0,0,0,0,0,,0,0,0,0,0,0,,0,0,0,0,0,0,,0,0,,114,76,0,0,0,0,0,0,
Wajir,June,181,141,0,0,0,0,0,0,,0,0,0,0,0,0,0,0,0,0,0,0,,0,0,0,0,0,0,0,0,,0,0,0,0,0,0,,0,0,0,0,0,0,,0,0,,293,128,0,0,0,0,0,0,
Wajir,July,0,0,0,0,0,0,0,0,,0,0,0,0,0,0,0,0,0,0,0,0,,0,0,0,0,0,0,0,0,,0,0,0,0,0,0,,22,3,0,0,0,0,,0,0,,1377,1152,0,0,0,0,0,0,
Wajir,August,0,0,0,0,0,0,0,0,,0,0,0,0,0,0,0,0,0,0,0,0,,0,0,0,0,0,0,0,0,,0,0,0,0,0,0,,0,0,0,0,0,0,,0,0,,0,0,0,0,0,0,0,0,
Wajir,September,0,0,0,0,0,0,0,0,,0,0,0,0,0,0,0,0,0,0,0,0,,0,0,0,0,0,0,0,0,,0,0,0,0,0,0,,0,0,0,0,0,0,,0,0,,0,0,0,0,0,0,0,0,
Wajir,October,0,0,0,0,0,0,0,0,,0,0,0,0,0,0,0,0,0,0,0,0,,0,0,0,0,0,0,0,0,,0,0,0,0,0,0,,0,0,0,0,0,0,,0,0,,0,0,0,0,0,0,0,0,
Wajir,November,0,0,0,0,0,0,0,0,,0,0,0,0,0,0,0,0,0,0,0,0,,0,0,0,0,0,0,0,0,,0,0,0,0,0,0,,0,0,0,0,0,0,,0,0,,0,0,0,0,0,0,0,0,
Wajir,December,0,0,0,0,0,0,0,0,,0,0,0,0,0,0,0,0,0,0,0,0,,0,0,0,0,0,0,0,0,,0,0,0,0,0,0,,0,0,0,0,0,0,,0,0,,0,0,0,0,0,0,0,0,
West Pokot,January,149,131,0,0,0,0,0,0,,0,0,0,0,0,0,0,0,0,0,0,0,,0,0,0,0,0,0,0,0,,10,19,0,0,0,0,,0,0,0,0,0,0,,0,0,,0,0,0,0,0,0,0,0,
West Pokot,February,0,0,0,0,0,0,0,0,,0,0,0,0,0,0,0,0,0,0,0,0,,0,0,0,0,0,0,0,0,,0,0,0,0,0,0,,0,0,0,0,0,0,,0,0,,0,0,0,0,0,0,0,0,
West Pokot,March,901,868,0,0,0,0,0,0,,0,0,0,0,0,0,0,0,0,0,0,0,,0,0,0,0,0,0,0,0,,0,0,0,0,0,0,,37,8,0,0,0,0,,0,0,,0,0,0,0,0,0,0,0,
West Pokot,April,1470,1405,0,0,0,0,110,140,,0,0,0,0,0,0,0,0,0,0,0,0,,0,0,0,0,0,0,0,0,,10,19,0,0,0,0,,0,0,0,0,0,0,,0,0,,0,0,0,0,0,0,0,0,
West Pokot,May,28,16,0,0,0,0,0,0,,0,0,0,0,0,0,0,0,0,0,0,0,,0,0,0,0,0,0,0,0,,0,0,0,0,0,0,,0,0,0,0,0,0,,0,0,,0,0,0,0,0,0,0,0,
West Pokot,June,559,664,0,0,0,0,0,0,,0,0,0,0,0,0,0,0,0,0,0,0,,0,0,0,0,0,0,0,0,,0,0,0,0,0,0,,0,0,0,0,0,0,,0,0,,0,0,0,0,0,0,0,0,
West Pokot,July,2592,2695,0,0,0,0,0,0,,0,0,0,0,0,0,0,0,0,0,0,0,,0,0,0,0,0,0,0,0,,24,8,0,0,0,0,,0,0,0,0,0,0,,0,0,,0,0,0,0,0,0,0,0,
West Pokot,August,2774,2588,0,0,0,0,0,0,,0,0,0,0,0,0,0,0,0,0,0,0,,0,0,0,0,0,0,0,0,,35,33,0,0,0,0,,0,0,0,0,0,0,,0,0,,0,0,0,0,0,0,0,0,
West Pokot,September,0,0,0,0,0,0,0,0,,0,0,0,0,0,0,0,0,0,0,0,0,,0,0,0,0,0,0,0,0,,0,0,0,0,0,0,,0,0,0,0,0,0,,0,0,,0,0,0,0,0,0,0,0,
West Pokot,October,0,0,0,0,0,0,0,0,,0,0,0,0,0,0,0,0,0,0,0,0,,0,0,0,0,0,0,0,0,,0,0,0,0,0,0,,0,0,0,0,0,0,,0,0,,0,0,0,0,0,0,0,0,
West Pokot,November,0,0,0,0,0,0,0,0,,0,0,0,0,0,0,0,0,0,0,0,0,,0,0,0,0,0,0,0,0,,0,0,0,0,0,0,,0,0,0,0,0,0,,0,0,,0,0,0,0,0,0,0,0,
West Pokot,December,0,0,0,0,0,0,0,0,,0,0,0,0,0,0,0,0,0,0,0,0,,0,0,0,0,0,0,0,0,,0,0,0,0,0,0,,0,0,0,0,0,0,,0,0,,0,0,0,0,0,0,0,0,
