county,adm1_pcode,partner_type,partner,acronym
Marsabit,KE010,lead_organisation,UNICEF,UNICEF
Marsabit,KE010,implementing_partner,Finn Church Aid,FCA
Marsabit,KE010,lead_organisation,UNICEF,UNICEF
Marsabit,KE010,implementing_partner,Finn Church Aid,FCA
Isiolo,KE011,lead_organisation,UNICEF,UNICEF
Isiolo,KE011,implementing_partner,Lifeskills Promoters,LISP
Isiolo,KE011,lead_organisation,UNICEF,UNICEF
Isiolo,KE011,implementing_partner,Lifeskills Promoters,LISP
Isiolo,KE011,lead_organisation,UNICEF,UNICEF
Isiolo,KE011,implementing_partner,Lifeskills Promoters,LISP
Isiolo,KE011,lead_organisation,UNICEF,UNICEF
Isiolo,KE011,implementing_partner,Lifeskills Promoters,LISP
Isiolo,KE011,lead_organisation,UNICEF,UNICEF
Isiolo,KE011,implementing_partner,Lifeskills Promoters,LISP
Turkana,KE023,implementing_partner,Lifeskills Promoters,LISP
Turkana,KE023,implementing_partner,Lifeskills Promoters,LISP
Turkana,KE023,implementing_partner,Lifeskills Promoters,LISP
Wajir,KE008,implementing_partner,Save the Children,SCI
Garissa,KE007,lead_organisation,Save the Children,SCI
Garissa,KE007,implementing_partner,Norwegian Refugee Council,NRC
Baringo,KE030,implementing_partner,Save the Children,SCI
Turkana,KE023,implementing_partner,Save the Children,SCI
Baringo,KE030,implementing_partner,Save the Children,SCI
Garissa,KE007,implementing_partner,Save the Children,SCI
Garissa,KE007,lead_organisation,Save the Children,SCI
Garissa,KE007,implementing_partner,Norwegian Refugee Council,NRC
Wajir,KE008,lead_organisation,UNICEF,UNICEF
Wajir,KE008,implementing_partner,Save the Children,SCI
Wajir,KE008,lead_organisation,UNICEF,UNICEF
Wajir,KE008,implementing_partner,Save the Children,SCI
Tana River,KE004,lead_organisation,UNICEF,UNICEF
Tana River,KE004,implementing_partner,Women Educational Researchers of Kenya,WERK
Tana River,KE004,lead_organisation,UNICEF,UNICEF
Tana River,KE004,implementing_partner,Women Educational Researchers of Kenya,WERK
Kajiado,KE034,lead_organisation,UNICEF,UNICEF
Kajiado,KE034,implementing_partner,Women Educational Researchers of Kenya,WERK
Kajiado,KE034,lead_organisation,UNICEF,UNICEF
Kajiado,KE034,implementing_partner,Women Educational Researchers of Kenya,WERK
Kwale,KE002,lead_organisation,UNICEF,UNICEF
Kwale,KE002,implementing_partner,Women Educational Researchers of Kenya,WERK
Kilifi,KE003,lead_organisation,UNICEF,UNICEF
Kilifi,KE003,implementing_partner,Women Educational Researchers of Kenya,WERK
Narok,KE033,lead_organisation,UNICEF,UNICEF
Narok,KE033,implementing_partner,Women Educational Researchers of Kenya,WERK
Meru,KE012,implementing_partner,Food for the Hungry,FHK
Meru,KE012,implementing_partner,Food for the Hungry,FHK
Meru,KE012,implementing_partner,Food for the Hungry,FHK
Meru,KE012,implementing_partner,Food for the Hungry,FHK
Meru,KE012,implementing_partner,Food for the Hungry,FHK
Marsabit,KE010,implementing_partner,Food for the Hungry,FHK
Marsabit,KE010,implementing_partner,Food for the Hungry,FHK
Marsabit,KE010,implementing_partner,Food for the Hungry,FHK
Marsabit,KE010,implementing_partner,Food for the Hungry,FHK
Marsabit,KE010,implementing_partner,Food for the Hungry,FHK
Marsabit,KE010,implementing_partner,Food for the Hungry,FHK
Turkana,KE023,implementing_partner,Finn Church Aid,FCA
Turkana,KE023,implementing_partner,Finn Church Aid,FCA
Turkana,KE023,implementing_partner,Finn Church Aid,FCA
Turkana,KE023,implementing_partner,Finn Church Aid,FCA
Turkana,KE023,implementing_partner,Finn Church Aid,FCA
Turkana,KE023,implementing_partner,Finn Church Aid,FCA
Samburu,KE025,implementing_partner,Finn Church Aid,FCA
Samburu,KE025,implementing_partner,Finn Church Aid,FCA
Garissa,KE007,implementing_partner,AVSI Foundation,AVSI
Garissa,KE007,implementing_partner,AVSI Foundation,AVSI
Turkana,KE023,implementing_partner,Jesuit Refugee Service,JRS
Turkana,KE023,implementing_partner,Voluntary Service Overseas,VSO
Marsabit,KE010,lead_organisation,ChildFund Kenya,CF
Marsabit,KE010,implementing_partner,Nawiri Children Development Program,NCDP
Turkana,KE023,lead_organisation,ChildFund Kenya,CF
Turkana,KE023,implementing_partner,Frontiers Community Development Organization,NA
Marsabit,KE010,lead_organisation,ChildFund Kenya,CF
Marsabit,KE010,implementing_partner,Nawiri Children Development Program,NCDP
Homa Bay,KE043,lead_organisation,Population Council,PC
Homa Bay,KE043,implementing_partner,Homa Bay County,HBC
Nairobi,KE047,lead_organisation,KENYA NATIONAL COMMISSION FOR UNESCO,UNESCO
Nairobi,KE047,implementing_partner,Lifeskills Promoters,LISP
Nairobi,KE047,lead_organisation,KENYA NATIONAL COMMISSION FOR UNESCO,UNESCO
Nairobi,KE047,implementing_partner,Lifeskills Promoters,LISP
Homa Bay,KE043,lead_organisation,Population Council,PC
Homa Bay,KE043,implementing_partner,Homa Bay County,HBC
Marsabit,KE010,lead_organisation,ChildFund Kenya,CF
Marsabit,KE010,implementing_partner,Nawiri Children Development Program,NCDP
Homa Bay,KE043,lead_organisation,Population Council,PC
Homa Bay,KE043,implementing_partner,Homa Bay County,HBC
Narok,KE033,implementing_partner,Missionary Sisters of the Catechism,MCS
Kajiado,KE034,lead_organisation,AVSI Foundation,AVSI
Kajiado,KE034,implementing_partner,Evangelizing Sisters of Mary,ESM
Kajiado,KE034,implementing_partner,Evangelizing Sisters of Mary,ESM
Kajiado,KE034,lead_organisation,AVSI Foundation,AVSI
Kajiado,KE034,implementing_partner,Evangelizing Sisters of Mary,ESM
Kajiado,KE034,lead_organisation,AVSI Foundation,AVSI
Kajiado,KE034,implementing_partner,Evangelizing Sisters of Mary,ESM
Kajiado,KE034,implementing_partner,SMB,SMB
Homa Bay,KE043,lead_organisation,Population Council,PC
Homa Bay,KE043,implementing_partner,Homa Bay County,HBC
Turkana,KE023,implementing_partner,Finn Church Aid,FCA
Turkana,KE023,implementing_partner,Finn Church Aid,FCA
Turkana,KE023,implementing_partner,Finn Church Aid,FCA
Turkana,KE023,implementing_partner,Finn Church Aid,FCA
Turkana,KE023,implementing_partner,Finn Church Aid,FCA
Turkana,KE023,implementing_partner,Finn Church Aid,FCA
Turkana,KE023,implementing_partner,Finn Church Aid,FCA
Turkana,KE023,implementing_partner,Finn Church Aid,FCA
Turkana,KE023,implementing_partner,Finn Church Aid,FCA
Turkana,KE023,implementing_partner,Finn Church Aid,FCA
Turkana,KE023,implementing_partner,Finn Church Aid,FCA
Turkana,KE023,implementing_partner,Finn Church Aid,FCA
Turkana,KE023,implementing_partner,Finn Church Aid,FCA
Turkana,KE023,implementing_partner,Finn Church Aid,FCA
West Pokot,KE024,implementing_partner,Finn Church Aid,FCA
Homa Bay,KE043,lead_organisation,Population Council,PC
Homa Bay,KE043,implementing_partner,Homa Bay County,HBC
Turkana,KE023,implementing_partner,Lifeskills Promoters,LISP
Turkana,KE023,implementing_partner,Lifeskills Promoters,LISP
Homa Bay,KE043,lead_organisation,Population Council,PC
Homa Bay,KE043,implementing_partner,Homa Bay County,HBC
Kwale,KE002,lead_organisation,UNICEF,UNICEF
Kwale,KE002,implementing_partner,Women Educational Researchers of Kenya,WERK
Kilifi,KE003,lead_organisation,UNICEF,UNICEF
Kilifi,KE003,implementing_partner,Women Educational Researchers of Kenya,WERK
Kajiado,KE034,lead_organisation,UNICEF,UNICEF
Kajiado,KE034,implementing_partner,Women Educational Researchers of Kenya,WERK
Homa Bay,KE043,lead_organisation,Population Council,PC
Homa Bay,KE043,implementing_partner,Homa Bay County,HBC
Homa Bay,KE043,lead_organisation,Population Council,PC
Homa Bay,KE043,implementing_partner,Homa Bay County,HBC
Baringo,KE030,lead_organisation,UNICEF,UNICEF
Baringo,KE030,implementing_partner,Save the Children,SCI
Samburu,KE025,lead_organisation,UNICEF,UNICEF
Samburu,KE025,implementing_partner,Finn Church Aid,FCA
Samburu,KE025,lead_organisation,UNICEF,UNICEF
Samburu,KE025,implementing_partner,Finn Church Aid,FCA
Samburu,KE025,lead_organisation,UNICEF,UNICEF
Samburu,KE025,implementing_partner,Finn Church Aid,FCA
Samburu,KE025,lead_organisation,UNICEF,UNICEF
Samburu,KE025,implementing_partner,Special Olympics Kenya,SOK
Samburu,KE025,lead_organisation,UNICEF,UNICEF
Samburu,KE025,implementing_partner,Special Olympics Kenya,SOK
Samburu,KE025,lead_organisation,UNICEF,UNICEF
Samburu,KE025,implementing_partner,Special Olympics Kenya,SOK
Samburu,KE025,lead_organisation,UNICEF,UNICEF
Samburu,KE025,implementing_partner,Special Olympics Kenya,SOK
Samburu,KE025,lead_organisation,UNICEF,UNICEF
Samburu,KE025,implementing_partner,Finn Church Aid,FCA
Samburu,KE025,lead_organisation,UNICEF,UNICEF
Samburu,KE025,implementing_partner,Finn Church Aid,FCA
Samburu,KE025,lead_organisation,UNICEF,UNICEF
Samburu,KE025,implementing_partner,Finn Church Aid,FCA
Samburu,KE025,lead_organisation,UNICEF,UNICEF
Samburu,KE025,implementing_partner,Finn Church Aid,FCA
Samburu,KE025,lead_organisation,UNICEF,UNICEF
Samburu,KE025,implementing_partner,Finn Church Aid,FCA
Samburu,KE025,lead_organisation,UNICEF,UNICEF
Samburu,KE025,implementing_partner,Finn Church Aid,FCA
Samburu,KE025,lead_organisation,UNICEF,UNICEF
Samburu,KE025,implementing_partner,Finn Church Aid,FCA
Samburu,KE025,lead_organisation,UNICEF,UNICEF
Samburu,KE025,implementing_partner,Special Olympics Kenya,SOK
Turkana,KE023,lead_organisation,UNICEF,UNICEF
Turkana,KE023,implementing_partner,Finn Church Aid,FCA
Turkana,KE023,lead_organisation,UNICEF,UNICEF
Turkana,KE023,implementing_partner,Finn Church Aid,FCA
Turkana,KE023,lead_organisation,UNICEF,UNICEF
Turkana,KE023,implementing_partner,Lifeskills Promoters,LISP
Turkana,KE023,lead_organisation,UNICEF,UNICEF
Turkana,KE023,implementing_partner,Lifeskills Promoters,LISP
Turkana,KE023,lead_organisation,UNICEF,UNICEF
Turkana,KE023,implementing_partner,Finn Church Aid,FCA
Turkana,KE023,lead_organisation,UNICEF,UNICEF
Turkana,KE023,implementing_partner,Finn Church Aid,FCA
Turkana,KE023,lead_organisation,UNICEF,UNICEF
Turkana,KE023,implementing_partner,Lifeskills Promoters,LISP
Turkana,KE023,lead_organisation,UNICEF,UNICEF
Turkana,KE023,implementing_partner,Save the Children,SCI
West Pokot,KE024,lead_organisation,UNICEF,UNICEF
West Pokot,KE024,implementing_partner,Finn Church Aid,FCA
West Pokot,KE024,lead_organisation,UNICEF,UNICEF
West Pokot,KE024,implementing_partner,Special Olympics Kenya,SOK
West Pokot,KE024,lead_organisation,UNICEF,UNICEF
West Pokot,KE024,implementing_partner,Finn Church Aid,FCA
West Pokot,KE024,lead_organisation,UNICEF,UNICEF
West Pokot,KE024,implementing_partner,Finn Church Aid,FCA
Homa Bay,KE043,lead_organisation,Population Council,PC
Homa Bay,KE043,implementing_partner,Homa Bay County,HBC
Turkana,KE023,implementing_partner,Lifeskills Promoters,LISP
Turkana,KE023,implementing_partner,Lifeskills Promoters,LISP
Homa Bay,KE043,lead_organisation,Population Council,PC
Homa Bay,KE043,implementing_partner,Homa Bay County,HBC
Marsabit,KE010,lead_organisation,UNICEF,UNICEF
Marsabit,KE010,implementing_partner,Finn Church Aid,FCA
Marsabit,KE010,lead_organisation,UNICEF,UNICEF
Marsabit,KE010,implementing_partner,Finn Church Aid,FCA
Wajir,KE008,lead_organisation,UNICEF,UNICEF
Wajir,KE008,implementing_partner,Save the Children,SCI
Wajir,KE008,lead_organisation,UNICEF,UNICEF
Wajir,KE008,implementing_partner,Save the Children,SCI
Tana River,KE004,lead_organisation,UNICEF,UNICEF
Tana River,KE004,implementing_partner,Women Educational Researchers of Kenya,WERK
Marsabit,KE010,lead_organisation,UNICEF,UNICEF
Marsabit,KE010,implementing_partner,County Director of Education Marsabit,CDE Marsabit
Tana River,KE004,lead_organisation,UNICEF,UNICEF
Tana River,KE004,implementing_partner,Women Educational Researchers of Kenya,WERK
Tana River,KE004,lead_organisation,UNICEF,UNICEF
Tana River,KE004,implementing_partner,Women Educational Researchers of Kenya,WERK
Homa Bay,KE043,lead_organisation,Population Council,PC
Homa Bay,KE043,implementing_partner,Homa Bay County,HBC
Marsabit,KE010,lead_organisation,UNICEF,UNICEF
Marsabit,KE010,implementing_partner,Finn Church Aid,FCA
Marsabit,KE010,lead_organisation,UNICEF,UNICEF
Marsabit,KE010,implementing_partner,Finn Church Aid,FCA
Isiolo,KE011,lead_organisation,UNICEF,UNICEF
Isiolo,KE011,implementing_partner,Lifeskills Promoters,LISP
Wajir,KE008,lead_organisation,UNICEF,UNICEF
Wajir,KE008,implementing_partner,Save the Children,SCI
Wajir,KE008,lead_organisation,UNICEF,UNICEF
Wajir,KE008,implementing_partner,Save the Children,SCI
Tana River,KE004,lead_organisation,UNICEF,UNICEF
Tana River,KE004,implementing_partner,Women Educational Researchers of Kenya,WERK
Garissa,KE007,implementing_partner,Qatar Charity,QATAR
Homa Bay,KE043,lead_organisation,Population Council,PC
Homa Bay,KE043,implementing_partner,Homa Bay County,HBC
Marsabit,KE010,lead_organisation,UNICEF,UNICEF
Marsabit,KE010,implementing_partner,Finn Church Aid,FCA
Isiolo,KE011,lead_organisation,UNICEF,UNICEF
Isiolo,KE011,implementing_partner,Lifeskills Promoters,LISP
Samburu,KE025,lead_organisation,UNICEF,UNICEF
Samburu,KE025,implementing_partner,Finn Church Aid,FCA
Turkana,KE023,lead_organisation,UNICEF,UNICEF
Turkana,KE023,implementing_partner,Save the Children,SCI
Baringo,KE030,lead_organisation,UNICEF,UNICEF
Baringo,KE030,implementing_partner,Save the Children,SCI
Samburu,KE025,lead_organisation,UNICEF,UNICEF
Samburu,KE025,implementing_partner,Finn Church Aid,FCA
Turkana,KE023,lead_organisation,UNICEF,UNICEF
Turkana,KE023,implementing_partner,Finn Church Aid,FCA
West Pokot,KE024,lead_organisation,UNICEF,UNICEF
West Pokot,KE024,implementing_partner,Finn Church Aid,FCA
Turkana,KE023,lead_organisation,UNICEF,UNICEF
Turkana,KE023,implementing_partner,Lifeskills Promoters,LISP
Baringo,KE030,lead_organisation,UNICEF,UNICEF
Baringo,KE030,implementing_partner,Save the Children,SCI
Turkana,KE023,implementing_partner,Finn Church Aid,FCA
Turkana,KE023,implementing_partner,Finn Church Aid,FCA
Turkana,KE023,implementing_partner,Finn Church Aid,FCA
Turkana,KE023,implementing_partner,Finn Church Aid,FCA
Isiolo,KE011,implementing_partner,We World,WW
Marsabit,KE010,implementing_partner,World Vision Kenya,WVK
Marsabit,KE010,implementing_partner,World Vision Kenya,WVK
Marsabit,KE010,implementing_partner,World Vision Kenya,WVK
Taita Taveta,KE006,implementing_partner,World Vision Kenya,WVK
Kajiado,KE034,lead_organisation,AVSI Foundation,AVSI
Kajiado,KE034,implementing_partner,Servants of the Poor,SP
Kajiado,KE034,lead_organisation,AVSI Foundation,AVSI
Kajiado,KE034,implementing_partner,Evangelizing Sisters of Mary,ESM
Baringo,KE030,lead_organisation,AVSI Foundation,AVSI
Baringo,KE030,implementing_partner,IWS,IWS
Baringo,KE030,lead_organisation,AVSI Foundation,AVSI
Baringo,KE030,implementing_partner,IWS,IWS
Garissa,KE007,implementing_partner,AVSI Foundation,AVSI
Garissa,KE007,implementing_partner,AVSI Foundation,AVSI
Garissa,KE007,implementing_partner,AVSI Foundation,AVSI
Homa Bay,KE043,lead_organisation,Population Council,PC
Homa Bay,KE043,implementing_partner,Homa Bay County,HBC
Turkana,KE023,implementing_partner,Lifeskills Promoters,LISP
Turkana,KE023,implementing_partner,Finn Church Aid,FCA
Turkana,KE023,implementing_partner,Finn Church Aid,FCA
Turkana,KE023,implementing_partner,Finn Church Aid,FCA
Isiolo,KE011,implementing_partner,Lifeskills Promoters,LISP
Wajir,KE008,lead_organisation,UNICEF,UNICEF
Wajir,KE008,implementing_partner,County Director of Education Wajir,CDE Wajir
Marsabit,KE010,lead_organisation,UNICEF,UNICEF
Marsabit,KE010,implementing_partner,Finn Church Aid,FCA
Marsabit,KE010,lead_organisation,UNICEF,UNICEF
Marsabit,KE010,implementing_partner,Finn Church Aid,FCA
Kwale,KE002,lead_organisation,UNICEF,UNICEF
Kwale,KE002,implementing_partner,Women Educational Researchers of Kenya,WERK
Kajiado,KE034,lead_organisation,UNICEF,UNICEF
Kajiado,KE034,implementing_partner,Women Educational Researchers of Kenya,WERK
Kilifi,KE003,lead_organisation,UNICEF,UNICEF
Kilifi,KE003,implementing_partner,Women Educational Researchers of Kenya,WERK
Narok,KE033,lead_organisation,UNICEF,UNICEF
Narok,KE033,implementing_partner,Women Educational Researchers of Kenya,WERK
Kwale,KE002,lead_organisation,UNICEF,UNICEF
Kwale,KE002,implementing_partner,Women Educational Researchers of Kenya,WERK
Kilifi,KE003,lead_organisation,UNICEF,UNICEF
Kilifi,KE003,implementing_partner,Women Educational Researchers of Kenya,WERK
Kajiado,KE034,lead_organisation,UNICEF,UNICEF
Kajiado,KE034,implementing_partner,Women Educational Researchers of Kenya,WERK
Narok,KE033,lead_organisation,UNICEF,UNICEF
Narok,KE033,implementing_partner,Women Educational Researchers of Kenya,WERK
Baringo,KE030,lead_organisation,UNICEF,UNICEF
Baringo,KE030,implementing_partner,Save the Children,SCI
Samburu,KE025,lead_organisation,UNICEF,UNICEF
Samburu,KE025,implementing_partner,Finn Church Aid,FCA
Samburu,KE025,lead_organisation,UNICEF,UNICEF
Samburu,KE025,implementing_partner,Finn Church Aid,FCA
Samburu,KE025,lead_organisation,UNICEF,UNICEF
Samburu,KE025,implementing_partner,Special Olympics Kenya,SOK
West Pokot,KE024,lead_organisation,UNICEF,UNICEF
West Pokot,KE024,implementing_partner,Finn Church Aid,FCA
West Pokot,KE024,lead_organisation,UNICEF,UNICEF
West Pokot,KE024,implementing_partner,Finn Church Aid,FCA
Turkana,KE023,lead_organisation,UNICEF,UNICEF
Turkana,KE023,implementing_partner,Special Olympics Kenya,SOK
Turkana,KE023,lead_organisation,UNICEF,UNICEF
Turkana,KE023,implementing_partner,Finn Church Aid,FCA
Turkana,KE023,lead_organisation,UNICEF,UNICEF
Turkana,KE023,implementing_partner,Lifeskills Promoters,LISP
Turkana,KE023,lead_organisation,UNICEF,UNICEF
Turkana,KE023,implementing_partner,Finn Church Aid,FCA
Turkana,KE023,lead_organisation,UNICEF,UNICEF
Turkana,KE023,implementing_partner,Save the Children,SCI
Baringo,KE030,lead_organisation,UNICEF,UNICEF
Baringo,KE030,implementing_partner,Save the Children,SCI
Samburu,KE025,lead_organisation,UNICEF,UNICEF
Samburu,KE025,implementing_partner,Finn Church Aid,FCA
Meru,KE012,implementing_partner,AVSI Foundation,AVSI
Narok,KE033,lead_organisation,AVSI Foundation,AVSI
Narok,KE033,implementing_partner,Missionary Sisters of the Catechism,MCS
Homa Bay,KE043,implementing_partner,Dignitas,DIGN
Wajir,KE008,implementing_partner,Action for Sustainable Change,AFOSC
Turkana,KE023,implementing_partner,Finn Church Aid,FCA
Turkana,KE023,implementing_partner,Finn Church Aid,FCA
Kilifi,KE003,implementing_partner,World Vision Kenya,WVK
Kajiado,KE034,lead_organisation,UNESCO,UNESCO
Kajiado,KE034,implementing_partner,The Girl Child Network,GCN
Isiolo,KE011,lead_organisation,Voluntary Service Overseas,VSO
Isiolo,KE011,implementing_partner,ERIKs Development Partner,ERIKs
Narok,KE033,implementing_partner,We World,WW
Narok,KE033,implementing_partner,We World,WW
Narok,KE033,implementing_partner,We World,WW
Narok,KE033,implementing_partner,We World,WW
Kajiado,KE034,lead_organisation,AVSI Foundation,AVSI
Kajiado,KE034,implementing_partner,SMB,SMB
Turkana,KE023,lead_organisation,World Vision Kenya,WVK
Turkana,KE023,implementing_partner,Mondi,MON
Baringo,KE030,lead_organisation,World Vision Kenya,WVK
Baringo,KE030,implementing_partner,Bartabwa,BART
Kilifi,KE003,implementing_partner,World Vision Kenya,WVK
Baringo,KE030,implementing_partner,World Vision Kenya,WVK
Narok,KE033,implementing_partner,World Vision Kenya,WVK
Turkana,KE023,implementing_partner,Finn Church Aid,FCA
Baringo,KE030,implementing_partner,World Vision Kenya,WVK
Narok,KE033,implementing_partner,World Vision Kenya,WVK
Isiolo,KE011,implementing_partner,Lifeskills Promoters,LISP
Kilifi,KE003,implementing_partner,World Vision Kenya,WVK
Mandera,KE009,lead_organisation,UNICEF,UNICEF
Mandera,KE009,implementing_partner,County Director of Education Mandera,CDE Mandera
Turkana,KE023,lead_organisation,UNICEF,UNICEF
Turkana,KE023,implementing_partner,Norwegian Refugee Council,NRC
Turkana,KE023,lead_organisation,UNICEF,UNICEF
Turkana,KE023,implementing_partner,Norwegian Refugee Council,NRC
Turkana,KE023,lead_organisation,UNICEF,UNICEF
Turkana,KE023,implementing_partner,Windle International,NA
Turkana,KE023,lead_organisation,UNICEF,UNICEF
Turkana,KE023,implementing_partner,Windle International,NA
West Pokot,KE024,lead_organisation,UNICEF,UNICEF
West Pokot,KE024,implementing_partner,Finn Church Aid,FCA
West Pokot,KE024,lead_organisation,UNICEF,UNICEF
West Pokot,KE024,implementing_partner,Finn Church Aid,FCA
Samburu,KE025,lead_organisation,UNICEF,UNICEF
Samburu,KE025,implementing_partner,Finn Church Aid,FCA
Samburu,KE025,lead_organisation,UNICEF,UNICEF
Samburu,KE025,implementing_partner,Finn Church Aid,FCA
Samburu,KE025,lead_organisation,UNICEF,UNICEF
Samburu,KE025,implementing_partner,Finn Church Aid,FCA
Baringo,KE030,lead_organisation,UNICEF,UNICEF
Baringo,KE030,implementing_partner,Save the Children,SCI
Baringo,KE030,lead_organisation,UNICEF,UNICEF
Baringo,KE030,implementing_partner,Save the Children,SCI
Turkana,KE023,lead_organisation,UNICEF,UNICEF
Turkana,KE023,implementing_partner,Finn Church Aid,FCA
Turkana,KE023,lead_organisation,UNICEF,UNICEF
Turkana,KE023,implementing_partner,Finn Church Aid,FCA
Turkana,KE023,lead_organisation,UNICEF,UNICEF
Turkana,KE023,implementing_partner,Finn Church Aid,FCA
Turkana,KE023,lead_organisation,UNICEF,UNICEF
Turkana,KE023,implementing_partner,Finn Church Aid,FCA
Turkana,KE023,lead_organisation,UNICEF,UNICEF
Turkana,KE023,implementing_partner,Lifeskills Promoters,LISP
Turkana,KE023,lead_organisation,UNICEF,UNICEF
Turkana,KE023,implementing_partner,Special Olympics Kenya,SOK
Turkana,KE023,lead_organisation,UNICEF,UNICEF
Turkana,KE023,implementing_partner,Save the Children,SCI
Turkana,KE023,lead_organisation,UNICEF,UNICEF
Turkana,KE023,implementing_partner,Save the Children,SCI
Baringo,KE030,lead_organisation,UNICEF,UNICEF
Baringo,KE030,implementing_partner,Save the Children,SCI
Turkana,KE023,lead_organisation,UNICEF,UNICEF
Turkana,KE023,implementing_partner,Lifeskills Promoters,LISP
Turkana,KE023,implementing_partner,Finn Church Aid,FCA
Turkana,KE023,implementing_partner,Finn Church Aid,FCA
Turkana,KE023,implementing_partner,Finn Church Aid,FCA
Turkana,KE023,implementing_partner,Finn Church Aid,FCA
Turkana,KE023,implementing_partner,Finn Church Aid,FCA
Turkana,KE023,implementing_partner,Finn Church Aid,FCA
Turkana,KE023,implementing_partner,Finn Church Aid,FCA
Turkana,KE023,implementing_partner,Finn Church Aid,FCA
Turkana,KE023,implementing_partner,Finn Church Aid,FCA
Kwale,KE002,lead_organisation,UNESCO,UNESCO
Kwale,KE002,implementing_partner,The Girl Child Network,GCN
Kajiado,KE034,lead_organisation,UNESCO,UNESCO
Kajiado,KE034,implementing_partner,The Girl Child Network,GCN
Kilifi,KE003,lead_organisation,UNESCO,UNESCO
Kilifi,KE003,implementing_partner,Futebol da Forcaa,FUTE
Baringo,KE030,implementing_partner,World Vision Kenya,WVK
Baringo,KE030,implementing_partner,World Vision Kenya,WVK
Baringo,KE030,implementing_partner,World Vision Kenya,WVK
Baringo,KE030,implementing_partner,World Vision Kenya,WVK
Baringo,KE030,implementing_partner,World Vision Kenya,WVK
Kilifi,KE003,implementing_partner,World Vision Kenya,WVK
Narok,KE033,implementing_partner,World Vision Kenya,WVK
Wajir,KE008,implementing_partner,Action for Sustainable Change,AFOSC
Isiolo,KE011,implementing_partner,Lifeskills Promoters,LISP
Isiolo,KE011,implementing_partner,Lifeskills Promoters,LISP
Isiolo,KE011,implementing_partner,Lifeskills Promoters,LISP
Isiolo,KE011,implementing_partner,Lifeskills Promoters,LISP
Turkana,KE023,implementing_partner,Lifeskills Promoters,LISP
Turkana,KE023,implementing_partner,Lifeskills Promoters,LISP
Marsabit,KE010,lead_organisation,UNICEF,UNICEF
Marsabit,KE010,implementing_partner,Finn Church Aid,FCA
Garissa,KE007,lead_organisation,UNICEF,UNICEF
Garissa,KE007,implementing_partner,Finn Church Aid,FCA
Isiolo,KE011,lead_organisation,UNICEF,UNICEF
Isiolo,KE011,implementing_partner,Lifeskills Promoters,LISP
Tana River,KE004,lead_organisation,UNICEF,UNICEF
Tana River,KE004,implementing_partner,Women Educational Researchers of Kenya,WERK
Turkana,KE023,lead_organisation,UNICEF,UNICEF
Turkana,KE023,implementing_partner,Norwegian Refugee Council,NRC
Turkana,KE023,lead_organisation,UNICEF,UNICEF
Turkana,KE023,implementing_partner,Finn Church Aid,FCA
Turkana,KE023,lead_organisation,UNICEF,UNICEF
Turkana,KE023,implementing_partner,Finn Church Aid,FCA
Turkana,KE023,lead_organisation,UNICEF,UNICEF
Turkana,KE023,implementing_partner,Finn Church Aid,FCA
Turkana,KE023,lead_organisation,UNICEF,UNICEF
Turkana,KE023,implementing_partner,Finn Church Aid,FCA
Turkana,KE023,lead_organisation,UNICEF,UNICEF
Turkana,KE023,implementing_partner,Finn Church Aid,FCA
Turkana,KE023,lead_organisation,UNICEF,UNICEF
Turkana,KE023,implementing_partner,Finn Church Aid,FCA
Isiolo,KE011,implementing_partner,Lifeskills Promoters,LISP
Turkana,KE023,implementing_partner,Lifeskills Promoters,LISP
Turkana,KE023,implementing_partner,Finn Church Aid,FCA
Turkana,KE023,implementing_partner,Finn Church Aid,FCA
Turkana,KE023,implementing_partner,Finn Church Aid,FCA
Turkana,KE023,implementing_partner,Finn Church Aid,FCA
Turkana,KE023,implementing_partner,Finn Church Aid,FCA
Turkana,KE023,implementing_partner,Finn Church Aid,FCA
Turkana,KE023,implementing_partner,Finn Church Aid,FCA
Turkana,KE023,implementing_partner,Finn Church Aid,FCA
Turkana,KE023,implementing_partner,Finn Church Aid,FCA
Wajir,KE008,implementing_partner,Action for Sustainable Change,AFOSC
Wajir,KE008,implementing_partner,Action for Sustainable Change,AFOSC
Lamu,KE005,implementing_partner,World Vision Kenya,WVK
Lamu,KE005,implementing_partner,World Vision Kenya,WVK
Narok,KE033,lead_organisation,World Vision Kenya,WVK
Narok,KE033,implementing_partner,Ministry of Education,MOE
Narok,KE033,lead_organisation,World Vision Kenya,WVK
Narok,KE033,implementing_partner,Ministry of Education,MOE
Narok,KE033,lead_organisation,World Vision Kenya,WVK
Narok,KE033,implementing_partner,MOE/TSC,MOE/TSC
Baringo,KE030,implementing_partner,Save the Children,SCI
Baringo,KE030,implementing_partner,Save the Children,SCI
Turkana,KE023,implementing_partner,Save the Children,SCI
Turkana,KE023,implementing_partner,Save the Children,SCI
Wajir,KE008,implementing_partner,Save the Children,SCI
Wajir,KE008,implementing_partner,Save the Children,SCI
Wajir,KE008,implementing_partner,Save the Children,SCI
Wajir,KE008,implementing_partner,Save the Children,SCI
Wajir,KE008,implementing_partner,Save the Children,SCI
Wajir,KE008,implementing_partner,Save the Children,SCI
Baringo,KE030,implementing_partner,Save the Children,SCI
Baringo,KE030,implementing_partner,Save the Children,SCI
Turkana,KE023,implementing_partner,Save the Children,SCI
Turkana,KE023,implementing_partner,Save the Children,SCI
Wajir,KE008,implementing_partner,Save the Children,SCI
Wajir,KE008,implementing_partner,Save the Children,SCI
Wajir,KE008,implementing_partner,Save the Children,SCI
Wajir,KE008,implementing_partner,Save the Children,SCI
Wajir,KE008,implementing_partner,Save the Children,SCI
Wajir,KE008,implementing_partner,Save the Children,SCI
Baringo,KE030,implementing_partner,Save the Children,SCI
Baringo,KE030,implementing_partner,Save the Children,SCI
Turkana,KE023,implementing_partner,Save the Children,SCI
Turkana,KE023,implementing_partner,Save the Children,SCI
Wajir,KE008,implementing_partner,Save the Children,SCI
Wajir,KE008,implementing_partner,Save the Children,SCI
Wajir,KE008,implementing_partner,Save the Children,SCI
Wajir,KE008,implementing_partner,Save the Children,SCI
Wajir,KE008,implementing_partner,Save the Children,SCI
Wajir,KE008,implementing_partner,Save the Children,SCI
Turkana,KE023,implementing_partner,Save the Children,SCI
Garissa,KE007,implementing_partner,Save the Children,SCI
Homa Bay,KE043,lead_organisation,Population Council,PC
Homa Bay,KE043,implementing_partner,Homa Bay County,HBC
Garissa,KE007,implementing_partner,Save the Children,SCI
Garissa,KE007,implementing_partner,Save the Children,SCI
Turkana,KE023,implementing_partner,Save the Children,SCI
Turkana,KE023,implementing_partner,Save the Children,SCI
Wajir,KE008,implementing_partner,Save the Children,SCI
Wajir,KE008,implementing_partner,Save the Children,SCI
Wajir,KE008,implementing_partner,Save the Children,SCI
Wajir,KE008,implementing_partner,Save the Children,SCI
Wajir,KE008,implementing_partner,Save the Children,SCI
Wajir,KE008,implementing_partner,Save the Children,SCI
Baringo,KE030,implementing_partner,Save the Children,SCI
Baringo,KE030,implementing_partner,Save the Children,SCI
Turkana,KE023,implementing_partner,Save the Children,SCI
Turkana,KE023,implementing_partner,Save the Children,SCI
Wajir,KE008,implementing_partner,Save the Children,SCI
Wajir,KE008,implementing_partner,Save the Children,SCI
Wajir,KE008,implementing_partner,Save the Children,SCI
Wajir,KE008,implementing_partner,Save the Children,SCI
Wajir,KE008,implementing_partner,Save the Children,SCI
Wajir,KE008,implementing_partner,Save the Children,SCI
Baringo,KE030,implementing_partner,Save the Children,SCI
Baringo,KE030,implementing_partner,Save the Children,SCI
Homa Bay,KE043,lead_organisation,Population Council,PC
Homa Bay,KE043,implementing_partner,Homa Bay County,HBC
Baringo,KE030,lead_organisation,UNICEF,UNICEF
Baringo,KE030,implementing_partner,Save the Children,SCI
Baringo,KE030,lead_organisation,UNICEF,UNICEF
Baringo,KE030,implementing_partner,Save the Children,SCI
Baringo,KE030,lead_organisation,UNICEF,UNICEF
Baringo,KE030,implementing_partner,Save the Children,SCI
Baringo,KE030,lead_organisation,UNICEF,UNICEF
Baringo,KE030,implementing_partner,Save the Children,SCI
Samburu,KE025,lead_organisation,UNICEF,UNICEF
Samburu,KE025,implementing_partner,Finn Church Aid,FCA
Samburu,KE025,lead_organisation,UNICEF,UNICEF
Samburu,KE025,implementing_partner,Finn Church Aid,FCA
Samburu,KE025,lead_organisation,UNICEF,UNICEF
Samburu,KE025,implementing_partner,Finn Church Aid,FCA
Samburu,KE025,lead_organisation,UNICEF,UNICEF
Samburu,KE025,implementing_partner,Special Olympics Kenya,SOK
Samburu,KE025,lead_organisation,UNICEF,UNICEF
Samburu,KE025,implementing_partner,Special Olympics Kenya,SOK
West Pokot,KE024,lead_organisation,UNICEF,UNICEF
West Pokot,KE024,implementing_partner,Finn Church Aid,FCA
West Pokot,KE024,lead_organisation,UNICEF,UNICEF
West Pokot,KE024,implementing_partner,Finn Church Aid,FCA
West Pokot,KE024,lead_organisation,UNICEF,UNICEF
West Pokot,KE024,implementing_partner,Finn Church Aid,FCA
West Pokot,KE024,lead_organisation,UNICEF,UNICEF
West Pokot,KE024,implementing_partner,Finn Church Aid,FCA
West Pokot,KE024,lead_organisation,UNICEF,UNICEF
West Pokot,KE024,implementing_partner,Special Olympics Kenya,SOK
West Pokot,KE024,lead_organisation,UNICEF,UNICEF
West Pokot,KE024,implementing_partner,Special Olympics Kenya,SOK
Turkana,KE023,lead_organisation,UNICEF,UNICEF
Turkana,KE023,implementing_partner,Finn Church Aid,FCA
Turkana,KE023,lead_organisation,UNICEF,UNICEF
Turkana,KE023,implementing_partner,Finn Church Aid,FCA
Turkana,KE023,lead_organisation,UNICEF,UNICEF
Turkana,KE023,implementing_partner,Finn Church Aid,FCA
Turkana,KE023,lead_organisation,UNICEF,UNICEF
Turkana,KE023,implementing_partner,Finn Church Aid,FCA
Turkana,KE023,lead_organisation,UNICEF,UNICEF
Turkana,KE023,implementing_partner,Finn Church Aid,FCA
Turkana,KE023,lead_organisation,UNICEF,UNICEF
Turkana,KE023,implementing_partner,Finn Church Aid,FCA
Turkana,KE023,lead_organisation,UNICEF,UNICEF
Turkana,KE023,implementing_partner,Lifeskills Promoters,LISP
Meru,KE012,implementing_partner,Food for the Hungry,FHK
Meru,KE012,implementing_partner,Food for the Hungry,FHK
Meru,KE012,implementing_partner,Food for the Hungry,FHK
Meru,KE012,implementing_partner,Food for the Hungry,FHK
Meru,KE012,implementing_partner,Food for the Hungry,FHK
Meru,KE012,implementing_partner,Food for the Hungry,FHK
Homa Bay,KE043,lead_organisation,Population Council,PC
Homa Bay,KE043,implementing_partner,Homa Bay County,HBC
Kilifi,KE003,lead_organisation,UNICEF,UNICEF
Kilifi,KE003,implementing_partner,Women Educational Researchers of Kenya,WERK
Kajiado,KE034,lead_organisation,UNICEF,UNICEF
Kajiado,KE034,implementing_partner,Women Educational Researchers of Kenya,WERK
Kwale,KE002,lead_organisation,UNICEF,UNICEF
Kwale,KE002,implementing_partner,Women Educational Researchers of Kenya,WERK
Kilifi,KE003,lead_organisation,UNICEF,UNICEF
Kilifi,KE003,implementing_partner,Women Educational Researchers of Kenya,WERK
Homa Bay,KE043,lead_organisation,Population Council,PC
Homa Bay,KE043,implementing_partner,Homa Bay County,HBC
Marsabit,KE010,lead_organisation,ChildFund Kenya,CF
Marsabit,KE010,implementing_partner,Nawiri Children Development Program,NCDP
Isiolo,KE011,lead_organisation,ChildFund Kenya,CF
Isiolo,KE011,implementing_partner,Nawiri Children Development Program,NCDP
Samburu,KE025,lead_organisation,ChildFund Kenya,CF
Samburu,KE025,implementing_partner,Nawiri Children Development Program,NCDP
Kajiado,KE034,lead_organisation,ChildFund Kenya,CF
Kajiado,KE034,implementing_partner,Nawiri Children Development Program,NCDP
Turkana,KE023,lead_organisation,ChildFund Kenya,CF
Turkana,KE023,implementing_partner,Nawiri Children Development Program,NCDP
Homa Bay,KE043,lead_organisation,Population Council,PC
Homa Bay,KE043,implementing_partner,Homa Bay County,HBC
Samburu,KE025,implementing_partner,Edukans,EDK
Homa Bay,KE043,lead_organisation,Population Council,PC
Homa Bay,KE043,implementing_partner,Homa Bay County,HBC
Samburu,KE025,implementing_partner,Feed the Children,FEED
Turkana,KE023,implementing_partner,Feed the Children,FEED
Kajiado,KE034,implementing_partner,Feed the Children,FEED
Homa Bay,KE043,lead_organisation,Population Council,PC
Homa Bay,KE043,implementing_partner,Homa Bay County,HBC
Turkana,KE023,implementing_partner,Finn Church Aid,FCA
Turkana,KE023,implementing_partner,Finn Church Aid,FCA
Turkana,KE023,implementing_partner,Finn Church Aid,FCA
Turkana,KE023,implementing_partner,Finn Church Aid,FCA
Turkana,KE023,implementing_partner,Finn Church Aid,FCA
Turkana,KE023,implementing_partner,Finn Church Aid,FCA
Turkana,KE023,implementing_partner,Finn Church Aid,FCA
Turkana,KE023,implementing_partner,Finn Church Aid,FCA
Turkana,KE023,implementing_partner,Finn Church Aid,FCA
Turkana,KE023,implementing_partner,Finn Church Aid,FCA
Turkana,KE023,implementing_partner,Finn Church Aid,FCA
Homa Bay,KE043,lead_organisation,Population Council,PC
Homa Bay,KE043,implementing_partner,Homa Bay County,HBC
Narok,KE033,implementing_partner,World Vision Kenya,WVK
Homa Bay,KE043,lead_organisation,Population Council,PC
Homa Bay,KE043,implementing_partner,Homa Bay County,HBC
Kilifi,KE003,lead_organisation,UNICEF,UNICEF
Kilifi,KE003,implementing_partner,Women Educational Researchers of Kenya,WERK
Narok,KE033,lead_organisation,UNICEF,UNICEF
Narok,KE033,implementing_partner,Women Educational Researchers of Kenya,WERK
Kajiado,KE034,lead_organisation,UNICEF,UNICEF
Kajiado,KE034,implementing_partner,Women Educational Researchers of Kenya,WERK
Kajiado,KE034,lead_organisation,UNICEF,UNICEF
Kajiado,KE034,implementing_partner,Women Educational Researchers of Kenya,WERK
Kilifi,KE003,lead_organisation,UNICEF,UNICEF
Kilifi,KE003,implementing_partner,Women Educational Researchers of Kenya,WERK
Kwale,KE002,lead_organisation,UNICEF,UNICEF
Kwale,KE002,implementing_partner,Women Educational Researchers of Kenya,WERK
Kajiado,KE034,lead_organisation,UNICEF,UNICEF
Kajiado,KE034,implementing_partner,Women Educational Researchers of Kenya,WERK
Narok,KE033,lead_organisation,UNICEF,UNICEF
Narok,KE033,implementing_partner,Women Educational Researchers of Kenya,WERK
Turkana,KE023,implementing_partner,Finn Church Aid,FCA
Turkana,KE023,implementing_partner,Finn Church Aid,FCA
Turkana,KE023,implementing_partner,Finn Church Aid,FCA
Turkana,KE023,implementing_partner,Finn Church Aid,FCA
Turkana,KE023,implementing_partner,Finn Church Aid,FCA
Turkana,KE023,implementing_partner,Finn Church Aid,FCA
Turkana,KE023,implementing_partner,Finn Church Aid,FCA
Turkana,KE023,implementing_partner,Finn Church Aid,FCA
Turkana,KE023,implementing_partner,Finn Church Aid,FCA
Turkana,KE023,implementing_partner,Finn Church Aid,FCA
Garissa,KE007,implementing_partner,Finn Church Aid,FCA
Samburu,KE025,implementing_partner,Finn Church Aid,FCA
Turkana,KE023,implementing_partner,Finn Church Aid,FCA
Turkana,KE023,implementing_partner,Finn Church Aid,FCA
Turkana,KE023,implementing_partner,Finn Church Aid,FCA
Turkana,KE023,implementing_partner,Finn Church Aid,FCA
Turkana,KE023,implementing_partner,Finn Church Aid,FCA
Turkana,KE023,implementing_partner,Finn Church Aid,FCA
Turkana,KE023,implementing_partner,Finn Church Aid,FCA
Turkana,KE023,implementing_partner,Finn Church Aid,FCA
Turkana,KE023,implementing_partner,Finn Church Aid,FCA
Turkana,KE023,implementing_partner,Finn Church Aid,FCA
Turkana,KE023,implementing_partner,Finn Church Aid,FCA
Turkana,KE023,implementing_partner,Finn Church Aid,FCA
Turkana,KE023,implementing_partner,Finn Church Aid,FCA
Turkana,KE023,implementing_partner,Finn Church Aid,FCA
Turkana,KE023,implementing_partner,Finn Church Aid,FCA
Turkana,KE023,implementing_partner,Finn Church Aid,FCA
Turkana,KE023,implementing_partner,Finn Church Aid,FCA
Turkana,KE023,implementing_partner,Finn Church Aid,FCA
Garissa,KE007,implementing_partner,Finn Church Aid,FCA
Baringo,KE030,lead_organisation,UNICEF,UNICEF
Baringo,KE030,implementing_partner,Save the Children,SCI
Baringo,KE030,lead_organisation,UNICEF,UNICEF
Baringo,KE030,implementing_partner,Save the Children,SCI
Baringo,KE030,lead_organisation,UNICEF,UNICEF
Baringo,KE030,implementing_partner,Save the Children,SCI
Samburu,KE025,lead_organisation,UNICEF,UNICEF
Samburu,KE025,implementing_partner,Special Olympics Kenya,SOK
Samburu,KE025,lead_organisation,UNICEF,UNICEF
Samburu,KE025,implementing_partner,Special Olympics Kenya,SOK
West Pokot,KE024,lead_organisation,UNICEF,UNICEF
West Pokot,KE024,implementing_partner,Finn Church Aid,FCA
West Pokot,KE024,lead_organisation,UNICEF,UNICEF
West Pokot,KE024,implementing_partner,Finn Church Aid,FCA
West Pokot,KE024,lead_organisation,UNICEF,UNICEF
West Pokot,KE024,implementing_partner,Finn Church Aid,FCA
West Pokot,KE024,lead_organisation,UNICEF,UNICEF
West Pokot,KE024,implementing_partner,Finn Church Aid,FCA
West Pokot,KE024,lead_organisation,UNICEF,UNICEF
West Pokot,KE024,implementing_partner,Finn Church Aid,FCA
Turkana,KE023,lead_organisation,UNICEF,UNICEF
Turkana,KE023,implementing_partner,Save the Children,SCI
Turkana,KE023,lead_organisation,UNICEF,UNICEF
Turkana,KE023,implementing_partner,Lifeskills Promoters,LISP
Turkana,KE023,lead_organisation,UNICEF,UNICEF
Turkana,KE023,implementing_partner,Finn Church Aid,FCA
Turkana,KE023,lead_organisation,UNICEF,UNICEF
Turkana,KE023,implementing_partner,Finn Church Aid,FCA
Turkana,KE023,lead_organisation,UNICEF,UNICEF
Turkana,KE023,implementing_partner,Finn Church Aid,FCA
Turkana,KE023,lead_organisation,UNICEF,UNICEF
Turkana,KE023,implementing_partner,Windle International,NA
Turkana,KE023,lead_organisation,UNICEF,UNICEF
Turkana,KE023,implementing_partner,Finn Church Aid,FCA
Homa Bay,KE043,lead_organisation,Population Council,PC
Homa Bay,KE043,implementing_partner,Homa Bay County,HBC
Kajiado,KE034,lead_organisation,ChildFund Kenya,CF
Kajiado,KE034,implementing_partner,Emali Dedicated Children Agency,NA
Kajiado,KE034,lead_organisation,ChildFund Kenya,CF
Kajiado,KE034,implementing_partner,Emali Dedicated Children Agency,NA
Kajiado,KE034,lead_organisation,ChildFund Kenya,CF
Kajiado,KE034,implementing_partner,Emali Dedicated Children Agency,NA
Kajiado,KE034,lead_organisation,ChildFund Kenya,CF
Kajiado,KE034,implementing_partner,Emali Dedicated Children Agency,NA
Kajiado,KE034,lead_organisation,ChildFund Kenya,CF
Kajiado,KE034,implementing_partner,Emali Dedicated Children Agency,NA
Makueni,KE017,lead_organisation,ChildFund Kenya,CF
Makueni,KE017,implementing_partner,Emali Dedicated Children Agency,NA
Samburu,KE025,lead_organisation,ChildFund Kenya,CF
Samburu,KE025,implementing_partner,Samburu Children Program,NA
Turkana,KE023,lead_organisation,ChildFund Kenya,CF
Turkana,KE023,implementing_partner,Frontiers Community Development Organization,NA
Homa Bay,KE043,lead_organisation,Population Council,PC
Homa Bay,KE043,implementing_partner,Homa Bay County,HBC
Turkana,KE023,lead_organisation,UNICEF,UNICEF
Turkana,KE023,implementing_partner,Finn Church Aid,FCA
Turkana,KE023,lead_organisation,UNICEF,UNICEF
Turkana,KE023,implementing_partner,Finn Church Aid,FCA
Turkana,KE023,lead_organisation,UNICEF,UNICEF
Turkana,KE023,implementing_partner,Finn Church Aid,FCA
Turkana,KE023,lead_organisation,UNICEF,UNICEF
Turkana,KE023,implementing_partner,Jesuit Refugee Service,JRS
Turkana,KE023,lead_organisation,UNICEF,UNICEF
Turkana,KE023,implementing_partner,Jesuit Refugee Service,JRS
Turkana,KE023,lead_organisation,UNICEF,UNICEF
Turkana,KE023,implementing_partner,Jesuit Refugee Service,JRS
Turkana,KE023,lead_organisation,UNICEF,UNICEF
Turkana,KE023,implementing_partner,Jesuit Refugee Service,JRS
Turkana,KE023,lead_organisation,UNICEF,UNICEF
Turkana,KE023,implementing_partner,Jesuit Refugee Service,JRS
Turkana,KE023,lead_organisation,UNICEF,UNICEF
Turkana,KE023,implementing_partner,Jesuit Refugee Service,JRS
Turkana,KE023,implementing_partner,Jesuit Refugee Service,JRS
Turkana,KE023,lead_organisation,UNICEF,UNICEF
Turkana,KE023,implementing_partner,Lifeskills Promoters,LISP
Turkana,KE023,lead_organisation,UNICEF,UNICEF
Turkana,KE023,implementing_partner,Save the Children,SCI
Tana River,KE004,lead_organisation,UNICEF,UNICEF
Tana River,KE004,implementing_partner,Women Educational Researchers of Kenya,WERK
Tana River,KE004,lead_organisation,UNICEF,UNICEF
Tana River,KE004,implementing_partner,Women Educational Researchers of Kenya,WERK
Marsabit,KE010,lead_organisation,UNICEF,UNICEF
Marsabit,KE010,implementing_partner,Finn Church Aid,FCA
Marsabit,KE010,lead_organisation,UNICEF,UNICEF
Marsabit,KE010,implementing_partner,Finn Church Aid,FCA
Wajir,KE008,lead_organisation,UNICEF,UNICEF
Wajir,KE008,implementing_partner,Save the Children,SCI
Wajir,KE008,lead_organisation,UNICEF,UNICEF
Wajir,KE008,implementing_partner,Save the Children,SCI
Turkana,KE023,lead_organisation,UNICEF,UNICEF
Turkana,KE023,implementing_partner,Finn Church Aid,FCA
Turkana,KE023,lead_organisation,UNICEF,UNICEF
Turkana,KE023,implementing_partner,Finn Church Aid,FCA
Turkana,KE023,lead_organisation,UNICEF,UNICEF
Turkana,KE023,implementing_partner,Finn Church Aid,FCA
Turkana,KE023,lead_organisation,UNICEF,UNICEF
Turkana,KE023,implementing_partner,Finn Church Aid,FCA
Turkana,KE023,lead_organisation,UNICEF,UNICEF
Turkana,KE023,implementing_partner,Finn Church Aid,FCA
Turkana,KE023,lead_organisation,UNICEF,UNICEF
Turkana,KE023,implementing_partner,Finn Church Aid,FCA
Turkana,KE023,lead_organisation,UNICEF,UNICEF
Turkana,KE023,implementing_partner,Finn Church Aid,FCA
Turkana,KE023,lead_organisation,UNICEF,UNICEF
Turkana,KE023,implementing_partner,Windle International,NA
Turkana,KE023,lead_organisation,UNICEF,UNICEF
Turkana,KE023,implementing_partner,Windle International,NA
Turkana,KE023,lead_organisation,UNICEF,UNICEF
Turkana,KE023,implementing_partner,Windle International,NA
Turkana,KE023,lead_organisation,UNICEF,UNICEF
Turkana,KE023,implementing_partner,Windle International,NA
Samburu,KE025,lead_organisation,UNICEF,UNICEF
Samburu,KE025,implementing_partner,Finn Church Aid,FCA
Samburu,KE025,lead_organisation,UNICEF,UNICEF
Samburu,KE025,implementing_partner,Finn Church Aid,FCA
West Pokot,KE024,lead_organisation,UNICEF,UNICEF
West Pokot,KE024,implementing_partner,Ministry of Education,MOE
Samburu,KE025,lead_organisation,UNICEF,UNICEF
Samburu,KE025,implementing_partner,Finn Church Aid,FCA
West Pokot,KE024,lead_organisation,UNICEF,UNICEF
West Pokot,KE024,implementing_partner,Finn Church Aid,FCA
West Pokot,KE024,lead_organisation,UNICEF,UNICEF
West Pokot,KE024,implementing_partner,Finn Church Aid,FCA
West Pokot,KE024,lead_organisation,UNICEF,UNICEF
West Pokot,KE024,implementing_partner,Finn Church Aid,FCA
Turkana,KE023,lead_organisation,UNICEF,UNICEF
Turkana,KE023,implementing_partner,Lifeskills Promoters,LISP
Marsabit,KE010,lead_organisation,UNICEF,UNICEF
Marsabit,KE010,implementing_partner,Finn Church Aid,FCA
Marsabit,KE010,lead_organisation,UNICEF,UNICEF
Marsabit,KE010,implementing_partner,Finn Church Aid,FCA
Wajir,KE008,lead_organisation,UNICEF,UNICEF
Wajir,KE008,implementing_partner,County Director of Education Wajir,CDE Wajir
Tana River,KE004,lead_organisation,UNICEF,UNICEF
Tana River,KE004,implementing_partner,Tana North and Tana Delta,NA
Tana River,KE004,lead_organisation,UNICEF,UNICEF
Tana River,KE004,implementing_partner,Tana North and Tana Delta,NA
Wajir,KE008,implementing_partner,Save the Children,SCI
Wajir,KE008,implementing_partner,Save the Children,SCI
Wajir,KE008,implementing_partner,Save the Children,SCI
Baringo,KE030,implementing_partner,Save the Children,SCI
Baringo,KE030,implementing_partner,Save the Children,SCI
Turkana,KE023,implementing_partner,Save the Children,SCI
Turkana,KE023,implementing_partner,Save the Children,SCI
Garissa,KE007,implementing_partner,Save the Children,SCI
Garissa,KE007,implementing_partner,Save the Children,SCI
Garissa,KE007,implementing_partner,Save the Children,SCI
Wajir,KE008,implementing_partner,Save the Children,SCI
Wajir,KE008,implementing_partner,Save the Children,SCI
Wajir,KE008,implementing_partner,Save the Children,SCI
Turkana,KE023,implementing_partner,Save the Children,SCI
Turkana,KE023,implementing_partner,Save the Children,SCI
Baringo,KE030,implementing_partner,Save the Children,SCI
Baringo,KE030,implementing_partner,Save the Children,SCI
Homa Bay,KE043,lead_organisation,Population Council,PC
Homa Bay,KE043,implementing_partner,Homa Bay County,HBC
Turkana,KE023,implementing_partner,Windle International,NA
Turkana,KE023,lead_organisation,UNICEF,UNICEF
Turkana,KE023,implementing_partner,Finn Church Aid,FCA
Turkana,KE023,lead_organisation,UNICEF,UNICEF
Turkana,KE023,implementing_partner,Finn Church Aid,FCA
Turkana,KE023,lead_organisation,UNICEF,UNICEF
Turkana,KE023,implementing_partner,Finn Church Aid,FCA
Turkana,KE023,lead_organisation,UNICEF,UNICEF
Turkana,KE023,implementing_partner,Finn Church Aid,FCA
Turkana,KE023,lead_organisation,UNICEF,UNICEF
Turkana,KE023,implementing_partner,Finn Church Aid,FCA
Turkana,KE023,lead_organisation,UNICEF,UNICEF
Turkana,KE023,implementing_partner,Finn Church Aid,FCA
Turkana,KE023,implementing_partner,Jesuit Refugee Service,JRS
Turkana,KE023,implementing_partner,Jesuit Refugee Service,JRS
Turkana,KE023,implementing_partner,Jesuit Refugee Service,JRS
Samburu,KE025,implementing_partner,Finn Church Aid,FCA
Samburu,KE025,implementing_partner,Special Olympics Kenya,SOK
Turkana,KE023,implementing_partner,Save the Children,SCI
Turkana,KE023,implementing_partner,Save the Children,SCI
Turkana,KE023,implementing_partner,Save the Children,SCI
Turkana,KE023,lead_organisation,Life Skills Promoters,NA
Turkana,KE023,implementing_partner,Lifeskills Promoters,LISP
Turkana,KE023,lead_organisation,Life Skills Promoters,NA
Turkana,KE023,implementing_partner,Lifeskills Promoters,LISP
West Pokot,KE024,implementing_partner,Finn Church Aid,FCA
West Pokot,KE024,implementing_partner,Finn Church Aid,FCA
West Pokot,KE024,implementing_partner,Special Olympics Kenya,SOK
Turkana,KE023,implementing_partner,Save the Children,SCI
West Pokot,KE024,implementing_partner,Finn Church Aid,FCA
Homa Bay,KE043,lead_organisation,Population Council,PC
Homa Bay,KE043,implementing_partner,Homa Bay County,HBC
Marsabit,KE010,lead_organisation,UNICEF,UNICEF
Marsabit,KE010,implementing_partner,Finn Church Aid,FCA
Marsabit,KE010,lead_organisation,UNICEF,UNICEF
Marsabit,KE010,implementing_partner,Finn Church Aid,FCA
Wajir,KE008,lead_organisation,UNICEF,UNICEF
Wajir,KE008,implementing_partner,County Director of Education Wajir,CDE Wajir
Tana River,KE004,lead_organisation,UNICEF,UNICEF
Tana River,KE004,implementing_partner,Tana North and Tana Delta,NA
Tana River,KE004,lead_organisation,UNICEF,UNICEF
Tana River,KE004,implementing_partner,Tana North and Tana Delta,NA
Homa Bay,KE043,lead_organisation,Population Council,PC
Homa Bay,KE043,implementing_partner,Homa Bay County,HBC
Meru,KE012,implementing_partner,Food for the Hungry,FHK
Meru,KE012,implementing_partner,Food for the Hungry,FHK
Meru,KE012,implementing_partner,Food for the Hungry,FHK
Meru,KE012,implementing_partner,Food for the Hungry,FHK
Meru,KE012,implementing_partner,Food for the Hungry,FHK
Marsabit,KE010,implementing_partner,Food for the Hungry,FHK
Marsabit,KE010,implementing_partner,Food for the Hungry,FHK
Marsabit,KE010,implementing_partner,Food for the Hungry,FHK
Marsabit,KE010,implementing_partner,Food for the Hungry,FHK
Marsabit,KE010,implementing_partner,Food for the Hungry,FHK
Marsabit,KE010,implementing_partner,Food for the Hungry,FHK
Meru,KE012,implementing_partner,Food for the Hungry,FHK
Meru,KE012,implementing_partner,Food for the Hungry,FHK
Meru,KE012,implementing_partner,Food for the Hungry,FHK
Meru,KE012,implementing_partner,Food for the Hungry,FHK
Meru,KE012,implementing_partner,Food for the Hungry,FHK
Meru,KE012,implementing_partner,Food for the Hungry,FHK
Meru,KE012,implementing_partner,Food for the Hungry,FHK
Meru,KE012,implementing_partner,Food for the Hungry,FHK
Meru,KE012,implementing_partner,Food for the Hungry,FHK
Marsabit,KE010,implementing_partner,Food for the Hungry,FHK
Marsabit,KE010,implementing_partner,Food for the Hungry,FHK
Marsabit,KE010,implementing_partner,Food for the Hungry,FHK
Marsabit,KE010,implementing_partner,Food for the Hungry,FHK
Marsabit,KE010,implementing_partner,Food for the Hungry,FHK
Marsabit,KE010,implementing_partner,Food for the Hungry,FHK
Marsabit,KE010,implementing_partner,Food for the Hungry,FHK
Marsabit,KE010,implementing_partner,Food for the Hungry,FHK
Marsabit,KE010,implementing_partner,Food for the Hungry,FHK
Marsabit,KE010,implementing_partner,Food for the Hungry,FHK
Marsabit,KE010,implementing_partner,Food for the Hungry,FHK
Marsabit,KE010,implementing_partner,Food for the Hungry,FHK
Marsabit,KE010,implementing_partner,Food for the Hungry,FHK
Marsabit,KE010,implementing_partner,Food for the Hungry,FHK
Marsabit,KE010,implementing_partner,Food for the Hungry,FHK
Marsabit,KE010,implementing_partner,Food for the Hungry,FHK
Marsabit,KE010,implementing_partner,Food for the Hungry,FHK
Marsabit,KE010,implementing_partner,Food for the Hungry,FHK
Homa Bay,KE043,lead_organisation,Population Council,PC
Homa Bay,KE043,implementing_partner,Homa Bay County,HBC
Kwale,KE002,lead_organisation,UNICEF,UNICEF
Kwale,KE002,implementing_partner,Women Educational Researchers of Kenya,WERK
Homa Bay,KE043,lead_organisation,Population Council,PC
Homa Bay,KE043,implementing_partner,Homa Bay County,HBC
Kajiado,KE034,lead_organisation,UNESCO,UNESCO
Kajiado,KE034,implementing_partner,"MoE, KNATCOM, STEM Impact Centre",NA
Kwale,KE002,lead_organisation,UNESCO,UNESCO
Kwale,KE002,implementing_partner,"MoE, KNATCOM, STEM Impact Centre",NA
Kajiado,KE034,lead_organisation,UNESCO,UNESCO
Kajiado,KE034,implementing_partner,"MoE, KNATCOM, STEM Impact Centre",NA
Kwale,KE002,lead_organisation,UNESCO,UNESCO
Kwale,KE002,implementing_partner,"MoE, KNATCOM, STEM Impact Centre",NA
Homa Bay,KE043,lead_organisation,Population Council,PC
Homa Bay,KE043,implementing_partner,Homa Bay County,HBC
Baringo,KE030,implementing_partner,Save the Children,SCI
Wajir,KE008,implementing_partner,Save the Children,SCI
Baringo,KE030,implementing_partner,County Director of Education,NA
Baringo,KE030,implementing_partner,Save the Children,SCI
Bungoma,KE039,implementing_partner,County Director of Education,NA
Bungoma,KE039,implementing_partner,Special Olympics Kenya,SOK
Bungoma,KE039,implementing_partner,Save the Children,SCI
Garissa,KE007,implementing_partner,County Director of Education,NA
Garissa,KE007,implementing_partner,Qatar Charity,QATAR
Garissa,KE007,implementing_partner,Finn Church Aid,FCA
Garissa,KE007,implementing_partner,Special Olympics Kenya,SOK
Isiolo,KE011,implementing_partner,County Director of Education,NA
Isiolo,KE011,implementing_partner,Lifeskills Promoters,LISP
Isiolo,KE011,implementing_partner,Special Olympics Kenya,SOK
Kajiado,KE034,implementing_partner,County Director of Education,NA
Kajiado,KE034,implementing_partner,Women Educational Researchers of Kenya,WERK
Kajiado,KE034,implementing_partner,Special Olympics Kenya,SOK
Kilifi,KE003,implementing_partner,County Director of Education,NA
Kilifi,KE003,implementing_partner,Women Educational Researchers of Kenya,WERK
Kilifi,KE003,implementing_partner,Special Olympics Kenya,SOK
Kwale,KE002,implementing_partner,County Director of Education,NA
Kwale,KE002,implementing_partner,Women Educational Researchers of Kenya,WERK
Mandera,KE009,implementing_partner,County Director of Education,NA
Mandera,KE009,implementing_partner,HABIBA International,NA
Marsabit,KE010,lead_organisation,County Director of Education,NA
Marsabit,KE010,implementing_partner,County Director of Education Marsabit,CDE Marsabit
Marsabit,KE010,implementing_partner,Finn Church Aid,FCA
Marsabit,KE010,implementing_partner,Special Olympics Kenya,SOK
Nairobi,KE047,implementing_partner,Lifeskills Promoters,LISP
Nairobi,KE047,implementing_partner,Special Olympics Kenya,SOK
Narok,KE033,implementing_partner,County Director of Education,NA
Narok,KE033,implementing_partner,Women Educational Researchers of Kenya,WERK
Narok,KE033,implementing_partner,Special Olympics Kenya,SOK
Samburu,KE025,implementing_partner,County Director of Education,NA
Samburu,KE025,implementing_partner,Finn Church Aid,FCA
Samburu,KE025,implementing_partner,Special Olympics Kenya,SOK
Tana River,KE004,implementing_partner,County Director of Education,NA
Tana River,KE004,implementing_partner,Women Educational Researchers of Kenya,WERK
Turkana,KE023,implementing_partner,County Director of Education,NA
Turkana,KE023,implementing_partner,Save the Children,SCI
Turkana,KE023,implementing_partner,Lifeskills Promoters,LISP
Turkana,KE023,implementing_partner,Special Olympics Kenya,SOK
Turkana,KE023,implementing_partner,Finn Church Aid,FCA
Wajir,KE008,implementing_partner,County Director of Education,NA
Wajir,KE008,implementing_partner,Save the Children,SCI
West Pokot,KE024,implementing_partner,County Director of Education,NA
West Pokot,KE024,implementing_partner,Finn Church Aid,FCA
West Pokot,KE024,implementing_partner,Special Olympics Kenya,SOK
Turkana,KE023,implementing_partner,Finn Church Aid,FCA
Turkana,KE023,implementing_partner,Finn Church Aid,FCA
Marsabit,KE010,lead_organisation,UNICEF,UNICEF
Marsabit,KE010,implementing_partner,Finn Church Aid,FCA
Mandera,KE009,lead_organisation,UNICEF,UNICEF
Mandera,KE009,implementing_partner,County Director of Education Mandera,CDE Mandera
Isiolo,KE011,lead_organisation,UNICEF,UNICEF
Isiolo,KE011,implementing_partner,Lifeskills Promoters,LISP
Homa Bay,KE043,lead_organisation,Population Council,PC
Homa Bay,KE043,implementing_partner,Homa Bay County,HBC
Turkana,KE023,implementing_partner,Lifeskills Promoters,LISP
Homa Bay,KE043,lead_organisation,Population Council,PC
Homa Bay,KE043,implementing_partner,Homa Bay County,HBC
Turkana,KE023,implementing_partner,Lifeskills Promoters,LISP
Turkana,KE023,implementing_partner,Lifeskills Promoters,LISP
Isiolo,KE011,implementing_partner,Lifeskills Promoters,LISP
Isiolo,KE011,implementing_partner,Lifeskills Promoters,LISP
Isiolo,KE011,implementing_partner,Lifeskills Promoters,LISP
Isiolo,KE011,implementing_partner,Lifeskills Promoters,LISP
Isiolo,KE011,implementing_partner,Lifeskills Promoters,LISP
Isiolo,KE011,implementing_partner,Lifeskills Promoters,LISP
Marsabit,KE010,implementing_partner,Food for the Hungry,FHK
Marsabit,KE010,implementing_partner,Food for the Hungry,FHK
Marsabit,KE010,implementing_partner,Food for the Hungry,FHK
Marsabit,KE010,implementing_partner,Food for the Hungry,FHK
Meru,KE012,implementing_partner,Food for the Hungry,FHK
Meru,KE012,implementing_partner,Food for the Hungry,FHK
Meru,KE012,implementing_partner,Food for the Hungry,FHK
Meru,KE012,implementing_partner,Food for the Hungry,FHK
Meru,KE012,implementing_partner,Food for the Hungry,FHK
Meru,KE012,implementing_partner,Food for the Hungry,FHK
Meru,KE012,implementing_partner,Food for the Hungry,FHK
Marsabit,KE010,implementing_partner,Food for the Hungry,FHK
Meru,KE012,implementing_partner,Food for the Hungry,FHK
Turkana,KE023,lead_organisation,UNICEF,UNICEF
Turkana,KE023,implementing_partner,Finn Church Aid,FCA
Turkana,KE023,lead_organisation,UNICEF,UNICEF
Turkana,KE023,implementing_partner,Finn Church Aid,FCA
Turkana,KE023,lead_organisation,UNICEF,UNICEF
Turkana,KE023,implementing_partner,Finn Church Aid,FCA
Turkana,KE023,lead_organisation,UNICEF,UNICEF
Turkana,KE023,implementing_partner,Finn Church Aid,FCA
Turkana,KE023,lead_organisation,UNICEF,UNICEF
Turkana,KE023,implementing_partner,Finn Church Aid,FCA
Turkana,KE023,lead_organisation,UNICEF,UNICEF
Turkana,KE023,implementing_partner,Finn Church Aid,FCA
Turkana,KE023,lead_organisation,UNICEF,UNICEF
Turkana,KE023,implementing_partner,Finn Church Aid,FCA
Turkana,KE023,lead_organisation,UNICEF,UNICEF
Turkana,KE023,implementing_partner,Finn Church Aid,FCA
Turkana,KE023,lead_organisation,UNICEF,UNICEF
Turkana,KE023,implementing_partner,Finn Church Aid,FCA
Turkana,KE023,lead_organisation,UNICEF,UNICEF
Turkana,KE023,implementing_partner,Finn Church Aid,FCA
Turkana,KE023,lead_organisation,UNICEF,UNICEF
Turkana,KE023,implementing_partner,Finn Church Aid,FCA
Turkana,KE023,lead_organisation,UNICEF,UNICEF
Turkana,KE023,implementing_partner,Finn Church Aid,FCA
Turkana,KE023,lead_organisation,UNICEF,UNICEF
Turkana,KE023,implementing_partner,Finn Church Aid,FCA
Turkana,KE023,lead_organisation,UNICEF,UNICEF
Turkana,KE023,implementing_partner,Finn Church Aid,FCA
Turkana,KE023,lead_organisation,UNICEF,UNICEF
Turkana,KE023,implementing_partner,Finn Church Aid,FCA
Turkana,KE023,lead_organisation,UNICEF,UNICEF
Turkana,KE023,implementing_partner,Finn Church Aid,FCA
Turkana,KE023,lead_organisation,UNICEF,UNICEF
Turkana,KE023,implementing_partner,Finn Church Aid,FCA
Turkana,KE023,lead_organisation,UNICEF,UNICEF
Turkana,KE023,implementing_partner,Finn Church Aid,FCA
Turkana,KE023,lead_organisation,UNICEF,UNICEF
Turkana,KE023,implementing_partner,Finn Church Aid,FCA
Turkana,KE023,lead_organisation,UNICEF,UNICEF
Turkana,KE023,implementing_partner,Finn Church Aid,FCA
Turkana,KE023,lead_organisation,UNICEF,UNICEF
Turkana,KE023,implementing_partner,Lutheran World Federation,NA
Turkana,KE023,lead_organisation,UNICEF,UNICEF
Turkana,KE023,implementing_partner,Lutheran World Federation,NA
Turkana,KE023,lead_organisation,UNICEF,UNICEF
Turkana,KE023,implementing_partner,Lutheran World Federation,NA
Turkana,KE023,lead_organisation,UNICEF,UNICEF
Turkana,KE023,implementing_partner,Lutheran World Federation,NA
Turkana,KE023,lead_organisation,UNICEF,UNICEF
Turkana,KE023,implementing_partner,Lutheran World Federation,NA
Turkana,KE023,lead_organisation,UNICEF,UNICEF
Turkana,KE023,implementing_partner,Lutheran World Federation,NA
Turkana,KE023,lead_organisation,UNICEF,UNICEF
Turkana,KE023,implementing_partner,Lutheran World Federation,NA
Turkana,KE023,lead_organisation,UNICEF,UNICEF
Turkana,KE023,implementing_partner,Lutheran World Federation,NA
Turkana,KE023,lead_organisation,UNICEF,UNICEF
Turkana,KE023,implementing_partner,Lutheran World Federation,NA
Turkana,KE023,lead_organisation,UNICEF,UNICEF
Turkana,KE023,implementing_partner,Lutheran World Federation,NA
Garissa,KE007,lead_organisation,UNICEF,UNICEF
Garissa,KE007,implementing_partner,Norwegian Refugee Council,NRC
Turkana,KE023,lead_organisation,UNICEF,UNICEF
Turkana,KE023,implementing_partner,Norwegian Refugee Council,NRC
Garissa,KE007,lead_organisation,UNICEF,UNICEF
Garissa,KE007,implementing_partner,Norwegian Refugee Council,NRC
Turkana,KE023,lead_organisation,UNICEF,UNICEF
Turkana,KE023,implementing_partner,Norwegian Refugee Council,NRC
Garissa,KE007,lead_organisation,UNICEF,UNICEF
Garissa,KE007,implementing_partner,Norwegian Refugee Council,NRC
Turkana,KE023,lead_organisation,UNICEF,UNICEF
Turkana,KE023,implementing_partner,Norwegian Refugee Council,NRC
Garissa,KE007,lead_organisation,UNICEF,UNICEF
Garissa,KE007,implementing_partner,Norwegian Refugee Council,NRC
Turkana,KE023,lead_organisation,UNICEF,UNICEF
Turkana,KE023,implementing_partner,Norwegian Refugee Council,NRC
Garissa,KE007,lead_organisation,UNICEF,UNICEF
Garissa,KE007,implementing_partner,Norwegian Refugee Council,NRC
Turkana,KE023,lead_organisation,UNICEF,UNICEF
Turkana,KE023,implementing_partner,Norwegian Refugee Council,NRC
Garissa,KE007,lead_organisation,UNICEF,UNICEF
Garissa,KE007,implementing_partner,Norwegian Refugee Council,NRC
Turkana,KE023,lead_organisation,UNICEF,UNICEF
Turkana,KE023,implementing_partner,Norwegian Refugee Council,NRC
Garissa,KE007,lead_organisation,UNICEF,UNICEF
Garissa,KE007,implementing_partner,Norwegian Refugee Council,NRC
Turkana,KE023,lead_organisation,UNICEF,UNICEF
Turkana,KE023,implementing_partner,Norwegian Refugee Council,NRC
Garissa,KE007,lead_organisation,UNICEF,UNICEF
Garissa,KE007,implementing_partner,Norwegian Refugee Council,NRC
Garissa,KE007,lead_organisation,UNICEF,UNICEF
Garissa,KE007,implementing_partner,Norwegian Refugee Council,NRC
Garissa,KE007,lead_organisation,UNICEF,UNICEF
Garissa,KE007,implementing_partner,Windle International,NA
Garissa,KE007,lead_organisation,UNICEF,UNICEF
Garissa,KE007,implementing_partner,Windle International,NA
Garissa,KE007,lead_organisation,UNICEF,UNICEF
Garissa,KE007,implementing_partner,Windle International,NA
Garissa,KE007,lead_organisation,UNICEF,UNICEF
Garissa,KE007,implementing_partner,Windle International,NA
Garissa,KE007,lead_organisation,UNICEF,UNICEF
Garissa,KE007,implementing_partner,Windle International,NA
Turkana,KE023,lead_organisation,UNICEF,UNICEF
Turkana,KE023,implementing_partner,Windle International,NA
Turkana,KE023,lead_organisation,UNICEF,UNICEF
Turkana,KE023,implementing_partner,Windle International,NA
Turkana,KE023,lead_organisation,UNICEF,UNICEF
Turkana,KE023,implementing_partner,Windle International,NA
Turkana,KE023,lead_organisation,UNICEF,UNICEF
Turkana,KE023,implementing_partner,Windle International,NA
Turkana,KE023,lead_organisation,UNICEF,UNICEF
Turkana,KE023,implementing_partner,Windle International,NA
Wajir,KE008,lead_organisation,UNICEF,UNICEF
Wajir,KE008,implementing_partner,Save the Children,SCI
Marsabit,KE010,lead_organisation,UNICEF,UNICEF
Marsabit,KE010,implementing_partner,Finn Church Aid,FCA
Marsabit,KE010,lead_organisation,UNICEF,UNICEF
Marsabit,KE010,implementing_partner,Finn Church Aid,FCA
Tana River,KE004,lead_organisation,UNICEF,UNICEF
Tana River,KE004,implementing_partner,Women Educational Researchers of Kenya,WERK
Turkana,KE023,implementing_partner,Jesuit Refugee Service,JRS
Turkana,KE023,lead_organisation,UNICEF,UNICEF
Turkana,KE023,implementing_partner,Jesuit Refugee Service,JRS
Turkana,KE023,lead_organisation,UNICEF,UNICEF
Turkana,KE023,implementing_partner,Windle International,NA
Marsabit,KE010,implementing_partner,UNICEF,UNICEF
Marsabit,KE010,implementing_partner,UNICEF,UNICEF
Turkana,KE023,implementing_partner,UNICEF,UNICEF
Marsabit,KE010,implementing_partner,UNICEF,UNICEF
Turkana,KE023,implementing_partner,Finn Church Aid,FCA
Turkana,KE023,implementing_partner,Finn Church Aid,FCA
Turkana,KE023,implementing_partner,Finn Church Aid,FCA
Turkana,KE023,implementing_partner,Finn Church Aid,FCA
Turkana,KE023,implementing_partner,Finn Church Aid,FCA
Turkana,KE023,implementing_partner,Finn Church Aid,FCA
Turkana,KE023,implementing_partner,Finn Church Aid,FCA
Turkana,KE023,implementing_partner,Finn Church Aid,FCA
Turkana,KE023,implementing_partner,Finn Church Aid,FCA
Turkana,KE023,implementing_partner,Finn Church Aid,FCA
Turkana,KE023,implementing_partner,Finn Church Aid,FCA
Turkana,KE023,implementing_partner,Finn Church Aid,FCA
Turkana,KE023,implementing_partner,Finn Church Aid,FCA
Turkana,KE023,implementing_partner,Finn Church Aid,FCA
Turkana,KE023,implementing_partner,Finn Church Aid,FCA
Turkana,KE023,implementing_partner,Finn Church Aid,FCA
Turkana,KE023,implementing_partner,Finn Church Aid,FCA
Turkana,KE023,implementing_partner,Finn Church Aid,FCA
Homa Bay,KE043,lead_organisation,Population Council,PC
Homa Bay,KE043,implementing_partner,Homa Bay County,HBC
Narok,KE033,lead_organisation,UNICEF,UNICEF
Narok,KE033,implementing_partner,Women Educational Researchers of Kenya,WERK
Kwale,KE002,lead_organisation,UNICEF,UNICEF
Kwale,KE002,implementing_partner,Women Educational Researchers of Kenya,WERK
Kilifi,KE003,lead_organisation,UNICEF,UNICEF
Kilifi,KE003,implementing_partner,Women Educational Researchers of Kenya,WERK
Narok,KE033,lead_organisation,UNICEF,UNICEF
Narok,KE033,implementing_partner,Women Educational Researchers of Kenya,WERK
Kilifi,KE003,lead_organisation,UNICEF,UNICEF
Kilifi,KE003,implementing_partner,Women Educational Researchers of Kenya,WERK
Narok,KE033,lead_organisation,UNICEF,UNICEF
Narok,KE033,implementing_partner,Women Educational Researchers of Kenya,WERK
Kajiado,KE034,lead_organisation,UNICEF,UNICEF
Kajiado,KE034,implementing_partner,Women Educational Researchers of Kenya,WERK
Kwale,KE002,lead_organisation,UNICEF,UNICEF
Kwale,KE002,implementing_partner,Women Educational Researchers of Kenya,WERK
Kilifi,KE003,lead_organisation,UNICEF,UNICEF
Kilifi,KE003,implementing_partner,Women Educational Researchers of Kenya,WERK
Narok,KE033,lead_organisation,UNICEF,UNICEF
Narok,KE033,implementing_partner,Women Educational Researchers of Kenya,WERK
Kajiado,KE034,lead_organisation,UNICEF,UNICEF
Kajiado,KE034,implementing_partner,Women Educational Researchers of Kenya,WERK
Kilifi,KE003,lead_organisation,UNICEF,UNICEF
Kilifi,KE003,implementing_partner,Women Educational Researchers of Kenya,WERK
Narok,KE033,lead_organisation,UNICEF,UNICEF
Narok,KE033,implementing_partner,Women Educational Researchers of Kenya,WERK
Kajiado,KE034,lead_organisation,UNICEF,UNICEF
Kajiado,KE034,implementing_partner,Women Educational Researchers of Kenya,WERK
Mombasa,KE001,implementing_partner,World Vision Kenya,WVK
Mombasa,KE001,implementing_partner,World Vision Kenya,WVK
Migori,KE044,implementing_partner,World Vision Kenya,WVK
Migori,KE044,implementing_partner,World Vision Kenya,WVK
Migori,KE044,implementing_partner,World Vision Kenya,WVK
Migori,KE044,implementing_partner,World Vision Kenya,WVK
Baringo,KE030,lead_organisation,Bartabwa,BART
Baringo,KE030,implementing_partner,World Vision Kenya,WVK
